config,seed,accuracy,auc,brier,log_loss,best_round,fold
F1×H4,0,0.723442563917897,0.7698858373994759,0.18298864364624023,0.5411758363149547,549,2025
F1×H4,1,0.7205617572920417,0.7697758538899431,0.18304085731506348,0.5412159355930594,531,2025
F1×H4,2,0.7214620093626215,0.7698904965211891,0.18300946056842804,0.5411239819609898,526,2025
F1×H4,3,0.7207418077061577,0.7697927961507184,0.18293441832065582,0.541121100405,498,2025
F1×H4,4,0.7207418077061577,0.7693604155371825,0.18311922252178192,0.5414219996234008,482,2025
F1×H4,5,0.7245228664025928,0.7708426515767598,0.18266168236732483,0.5402581360965387,583,2025
F1×H4,6,0.7207418077061577,0.7698546354025481,0.18299326300621033,0.5409541223327041,548,2025
F1×H4,7,0.7187612531508822,0.7693429085343815,0.18322685360908508,0.5416363018435019,546,2025
F1×H4,8,0.7211019085343896,0.770348361118641,0.1828993558883667,0.5408807194406314,565,2025
F1×H4,9,0.723262513503781,0.7708322038492816,0.18264129757881165,0.5402723521100814,517,2025
F1×H4,10,0.7211019085343896,0.769709920258426,0.18304970860481262,0.5412666450641614,530,2025
F1×H4,11,0.7223622614332013,0.7699199336992862,0.18298643827438354,0.5410426579453734,546,2025
F1×H4,12,0.7203817068779258,0.7698845667299177,0.1829196661710739,0.5409516058772188,498,2025
F1×H4,13,0.7227223622614332,0.7697426752959249,0.18311309814453125,0.5413752527587699,529,2025
F1×H4,14,0.7200216060496939,0.7694166779615073,0.18325506150722504,0.5416066581715181,553,2025
F1×H4,15,0.7191213539791141,0.7699252987485317,0.1830461323261261,0.5412468680753179,585,2025
F1×H4,16,0.7218221101908534,0.7694317848106984,0.18325066566467285,0.5416909970776825,577,2025
F1×H4,17,0.7203817068779258,0.7701133578431374,0.18288177251815796,0.5409685627875472,495,2025
F1×H4,18,0.7218221101908534,0.7696818243426403,0.1831217259168625,0.5413846107238253,574,2025
F1×H4,19,0.719841555635578,0.7701790091036415,0.1828552633523941,0.5406731928171081,514,2025
F1×H4,20,0.7203817068779258,0.7694523978946417,0.18320122361183167,0.5414259869900239,574,2025
F1×H4,21,0.7209218581202737,0.7686891490467154,0.18343667685985565,0.542141055099872,539,2025
F1×H4,22,0.7214620093626215,0.7698811782777627,0.1830381602048874,0.5410639457691886,544,2025
F1×H4,23,0.7221822110190853,0.7703825280112044,0.1830229014158249,0.5410092947761541,620,2025
F1×H4,24,0.7220021606049694,0.7696396098762085,0.18309465050697327,0.5412841177132064,549,2025
F1×H4,25,0.7230824630896651,0.7707666937742839,0.18276046216487885,0.5404430325524475,632,2025
F1×H4,26,0.7216420597767375,0.7697480403451703,0.18294572830200195,0.5411671772756923,491,2025
F1×H4,27,0.7223622614332013,0.7701200641546941,0.182901069521904,0.5408902797405575,537,2025
F1×H4,28,0.7211019085343896,0.7693983238456674,0.1831149458885193,0.5414844064110694,472,2025
F1×H4,29,0.7221822110190853,0.7701277587647962,0.18279889225959778,0.5407635567889651,499,2025
F1×H4,30,0.7205617572920417,0.7695019540074094,0.18311801552772522,0.5414612670566764,498,2025
F1×H4,31,0.7212819589485056,0.7696237970994849,0.1831013411283493,0.5412684836084686,525,2025
F1×H4,32,0.7216420597767375,0.7697144381946326,0.1830146312713623,0.5411452516168933,528,2025
F1×H4,33,0.7221822110190853,0.7697127439685552,0.18308652937412262,0.5413812859966751,538,2025
F1×H4,34,0.7223622614332013,0.7699377936658535,0.18298734724521637,0.5409657837960071,593,2025
F1×H4,35,0.7225423118473172,0.7702208706063071,0.18287645280361176,0.5408774721381998,556,2025
F1×H4,36,0.7214620093626215,0.7698590121532485,0.1829831302165985,0.5410293452635021,535,2025
F1×H4,37,0.7225423118473172,0.7697524876886239,0.18308508396148682,0.5413409923748272,574,2025
F1×H4,38,0.7216420597767375,0.7698856962139695,0.18294861912727356,0.5410464743750505,538,2025
F1×H4,39,0.7216420597767375,0.7703490670461735,0.18286174535751343,0.5407278175853792,548,2025
F1×H4,40,0.7209218581202737,0.7700837088867805,0.18290740251541138,0.5408361478703491,513,2025
F1×H4,41,0.7212819589485056,0.7697411222553537,0.18304799497127533,0.5412883910719777,527,2025
F1×H4,42,0.7225423118473172,0.7700389530812326,0.1830754578113556,0.5412487693941083,578,2025
F1×H4,43,0.7227223622614332,0.7694192898933767,0.18307733535766602,0.5415174560637012,451,2025
F1×H4,44,0.7218221101908534,0.7701076398301256,0.1829601675271988,0.5409995157929475,588,2025
F1×H4,45,0.7203817068779258,0.769737239653926,0.18317098915576935,0.5415153914561833,596,2025
F1×H4,46,0.7220021606049694,0.7698592945242613,0.1830855906009674,0.5412469540274067,617,2025
F1×H4,47,0.7191213539791141,0.7698077618144032,0.18294675648212433,0.5410948368438903,504,2025
F1×H4,48,0.7223622614332013,0.7707988840697569,0.18276339769363403,0.5404555413417925,588,2025
F1×H4,49,0.7205617572920417,0.7696182202719797,0.18308551609516144,0.541367618184113,524,2025
F1×H4,50,0.7229024126755491,0.7699636306135358,0.18303696811199188,0.5410790635018288,548,2025
F1×H4,51,0.7202016564638098,0.7698752484864914,0.1829882711172104,0.5410473457151095,521,2025
F1×H4,52,0.7221822110190853,0.7700371882624018,0.18308191001415253,0.5412280149914573,603,2025
F1×H4,53,0.7220021606049694,0.769182451206289,0.18320223689079285,0.5415285260370523,528,2025
F1×H4,54,0.7223622614332013,0.7697268625192013,0.18302947282791138,0.5413576285148707,537,2025
F1×H4,55,0.7203817068779258,0.7698426346344989,0.18297946453094482,0.5410433252974141,505,2025
F1×H4,56,0.7220021606049694,0.7702212235700732,0.18284142017364502,0.5407226449649297,508,2025
F1×H4,57,0.7211019085343896,0.7699950443887232,0.18308104574680328,0.5411892891543802,618,2025
F1×H4,58,0.7209218581202737,0.7696523165717899,0.18313927948474884,0.5414635366828472,569,2025
F1×H4,59,0.719481454807346,0.7693065532664679,0.1831098198890686,0.5413207048338067,484,2025
F1×H4,60,0.719841555635578,0.7696248559907833,0.1832190901041031,0.5415085010210808,575,2025
F1×H4,61,0.7207418077061577,0.7703132059275323,0.18283626437187195,0.540664850044614,500,2025
F1×H4,62,0.7230824630896651,0.7709872255353754,0.18263235688209534,0.5402824203478502,564,2025
F1×H4,63,0.7193014043932301,0.7693442497966929,0.18329395353794098,0.5418798478555997,619,2025
F1×H4,64,0.7218221101908534,0.7698055028462998,0.1829317808151245,0.5411656719787021,484,2025
F1×H4,65,0.7211019085343896,0.7700120572422517,0.18287846446037292,0.5407914345571244,495,2025
F1×H4,66,0.7200216060496939,0.7700110689437065,0.18310964107513428,0.5412331471748573,608,2025
F1×H4,67,0.723262513503781,0.7696667174934491,0.18304608762264252,0.541181944732578,514,2025
F1×H4,68,0.7211019085343896,0.7701007217403091,0.18291135132312775,0.5409114939668129,556,2025
F1×H4,69,0.7212819589485056,0.7696538696123612,0.18310648202896118,0.5412317150050251,567,2025
F1×H4,70,0.7223622614332013,0.7701855742296918,0.18284860253334045,0.5408057189958029,546,2025
F1×H4,71,0.7236226143320129,0.7703900108430469,0.18283966183662415,0.540700738607289,555,2025
F1×H4,72,0.7212819589485056,0.7696318446733532,0.1831437349319458,0.5416012614085567,564,2025
F1×H4,73,0.7223622614332013,0.7702263062483058,0.18303759396076202,0.5411367279425222,570,2025
F1×H4,74,0.719481454807346,0.769578476551911,0.18314175307750702,0.5414316133226327,558,2025
F1×H4,75,0.7223622614332013,0.7701694790819553,0.18289940059185028,0.5409029142513393,565,2025
F1×H4,76,0.7212819589485056,0.7698002789825609,0.1830219030380249,0.5411850757541626,560,2025
F1×H4,77,0.719841555635578,0.7700753083491462,0.18296857178211212,0.5408866240897503,559,2025
F1×H4,78,0.7220021606049694,0.7700720610824975,0.182952418923378,0.5409926358008528,577,2025
F1×H4,79,0.7218221101908534,0.7703705272431554,0.18286842107772827,0.5408697250320209,558,2025
F1×H4,80,0.7212819589485056,0.7696175849372007,0.1830567568540573,0.5412133665704106,528,2025
F1×H4,81,0.7214620093626215,0.7698547765880546,0.18305668234825134,0.5411640324540243,600,2025
F1×H4,82,0.7202016564638098,0.7697321569756935,0.18296261131763458,0.541046613183945,527,2025
F1×H4,83,0.7211019085343896,0.7695190374536911,0.18309561908245087,0.5413500349231167,496,2025
F1×H4,84,0.7214620093626215,0.769971395816391,0.1830446720123291,0.5411532023419904,586,2025
F1×H4,85,0.7218221101908534,0.770404129393693,0.18280568718910217,0.5405954446677527,556,2025
F1×H4,86,0.7211019085343896,0.7696638937833197,0.1830608993768692,0.5412987251568495,521,2025
F1×H4,87,0.7220021606049694,0.7706437211981566,0.1827259361743927,0.5404442238082148,515,2025
F1×H4,88,0.7214620093626215,0.7702250355787476,0.18298250436782837,0.5410325471143036,583,2025
F1×H4,89,0.7230824630896651,0.769889225851631,0.1829882562160492,0.5411297834905707,537,2025
F1×H4,90,0.7203817068779258,0.7698477173127315,0.18299603462219238,0.5409897874752512,532,2025
F1×H4,91,0.7220021606049694,0.7709116206966659,0.18264546990394592,0.5402267715962248,524,2025
F1×H4,92,0.7212819589485056,0.7696309975603145,0.18305978178977966,0.5412459443918187,513,2025
F1×H4,93,0.719661505221462,0.7693410025300442,0.1833464652299881,0.5419052224234586,612,2025
F1×H4,94,0.7212819589485056,0.7700270229059365,0.18295444548130035,0.5409589422962375,555,2025
F1×H4,95,0.7207418077061577,0.7696697529818379,0.18304823338985443,0.541280488239323,545,2025
F1×H4,96,0.7221822110190853,0.7701838800036145,0.18296633660793304,0.5410141740924023,544,2025
F1×H4,97,0.7214620093626215,0.7695707113490557,0.1830424815416336,0.541085581886611,495,2025
F1×H4,98,0.7216420597767375,0.7691854161019247,0.18330755829811096,0.5418938540119971,558,2025
F1×H4,99,0.7216420597767375,0.769736604319147,0.1830224245786667,0.5411951637198469,525,2025
F1×H4,0,0.7150489759572574,0.7774943387709139,0.18067719042301178,0.5319383296717991,583,2026
F1×H4,1,0.7139804096170971,0.7776395935392655,0.18063393235206604,0.5317429021913154,606,2026
F1×H4,2,0.714692787177204,0.7779999846233137,0.1804628223180771,0.5314973931410113,544,2026
F1×H4,3,0.7162956366874443,0.7778401769197587,0.18057315051555634,0.5317596967571483,580,2026
F1×H4,4,0.715227070347284,0.7773676870470915,0.18072764575481415,0.5318657258809254,640,2026
F1×H4,5,0.7166518254674977,0.778182514126644,0.18035641312599182,0.5313705087320119,501,2026
F1×H4,6,0.7157613535173643,0.7777143489469853,0.1805960088968277,0.5317665903193557,573,2026
F1×H4,7,0.7145146927871772,0.7775325745487834,0.18063180148601532,0.5320183643883079,518,2026
F1×H4,8,0.7143365983971505,0.7773663827745967,0.18070906400680542,0.5320034417145574,594,2026
F1×H4,9,0.7161175422974176,0.777931544640305,0.1804937720298767,0.5316094340660975,524,2026
F1×H4,10,0.715227070347284,0.777601975574683,0.18063776195049286,0.531786206450943,571,2026
F1×H4,11,0.7143365983971505,0.7776766623364819,0.18070365488529205,0.5318118142625078,670,2026
F1×H4,12,0.715939447907391,0.7775297600660319,0.18063730001449585,0.5319307554845035,540,2026
F1×H4,13,0.7150489759572574,0.7776812616131736,0.18059465289115906,0.5318348728776054,558,2026
F1×H4,14,0.716473731077471,0.7778672234125426,0.18049143254756927,0.5315836055832529,547,2026
F1×H4,15,0.7155832591273374,0.77783317503584,0.18056614696979523,0.531694385005418,577,2026
F1×H4,16,0.7154051647373108,0.7778700378952941,0.18054147064685822,0.5315492033152851,597,2026
F1×H4,17,0.7161175422974176,0.7777795625717179,0.18057504296302795,0.5317410162689499,581,2026
F1×H4,18,0.7155832591273374,0.7776290220674669,0.1805935800075531,0.5321004809651888,480,2026
F1×H4,19,0.7155832591273374,0.7776654730513962,0.18056705594062805,0.531815920073493,517,2026
F1×H4,20,0.7150489759572574,0.7779080677354013,0.18052035570144653,0.5315853869869178,562,2026
F1×H4,21,0.715939447907391,0.7778004309316322,0.18054956197738647,0.5315815628173098,584,2026
F1×H4,22,0.715227070347284,0.7778594664234953,0.18054817616939545,0.5315623485316743,563,2026
F1×H4,23,0.7155832591273374,0.7777632248425743,0.18059039115905762,0.5317287493069225,557,2026
F1×H4,24,0.7150489759572574,0.7773222434475409,0.1807284951210022,0.5319198293781097,602,2026
F1×H4,25,0.714692787177204,0.7775580421853896,0.18061333894729614,0.5319351141887886,503,2026
F1×H4,26,0.7170080142475512,0.7777965181141482,0.1805947721004486,0.5316371004586311,609,2026
F1×H4,27,0.7157613535173643,0.7778873366673285,0.18053454160690308,0.5316252936805318,586,2026
F1×H4,28,0.7143365983971505,0.7780533225037529,0.1805005818605423,0.5315547185260531,550,2026
F1×H4,29,0.714692787177204,0.7778871307295661,0.18044666945934296,0.5315522359253029,524,2026
F1×H4,30,0.7166518254674977,0.7781153784161299,0.18049149215221405,0.5314543517182806,596,2026
F1×H4,31,0.7154051647373108,0.7776592949185269,0.18066181242465973,0.5317330901261416,657,2026
F1×H4,32,0.7154051647373108,0.7778442270290842,0.18050037324428558,0.5316061216039393,530,2026
F1×H4,33,0.715939447907391,0.7780686991900055,0.1803775578737259,0.5312850302158261,525,2026
F1×H4,34,0.714692787177204,0.777584951386332,0.18065454065799713,0.5320878656654051,539,2026
F1×H4,35,0.7138023152270704,0.7781173005019115,0.18043802678585052,0.5314540133835498,538,2026
F1×H4,36,0.7143365983971505,0.7780879200478215,0.18039420247077942,0.531339026552764,527,2026
F1×H4,37,0.715227070347284,0.777741120856086,0.1805233657360077,0.531753521298062,526,2026
F1×H4,38,0.7150489759572574,0.7779561198799411,0.18049661815166473,0.5314165123098268,597,2026
F1×H4,39,0.7148708815672307,0.7776646493003471,0.18059906363487244,0.5316938409913513,597,2026
F1×H4,40,0.7143365983971505,0.7776743970210965,0.18059593439102173,0.5318678335801581,524,2026
F1×H4,41,0.715939447907391,0.7778005682234738,0.18060752749443054,0.531753204588714,586,2026
F1×H4,42,0.7143365983971505,0.777612203816878,0.18062837421894073,0.5319098607928273,553,2026
F1×H4,43,0.715227070347284,0.7779414296528959,0.1805199831724167,0.5314518917904945,625,2026
F1×H4,44,0.7154051647373108,0.777587903160925,0.1806601583957672,0.5317260657574041,618,2026
F1×H4,45,0.7157613535173643,0.7781681671292029,0.18039202690124512,0.5313268418925404,547,2026
F1×H4,46,0.715227070347284,0.777851778080369,0.18054291605949402,0.5315314462596069,589,2026
F1×H4,47,0.7155832591273374,0.7777614400486343,0.18060219287872314,0.5316872388193116,600,2026
F1×H4,48,0.716473731077471,0.7776341705115246,0.1806126981973648,0.5316378216172611,646,2026
F1×H4,49,0.7148708815672307,0.7776080850616316,0.1806613951921463,0.5319222317081809,589,2026
F1×H4,50,0.7170080142475512,0.7778120320922426,0.18056392669677734,0.5316174718531795,615,2026
F1×H4,51,0.7166518254674977,0.7779040862719966,0.18054670095443726,0.5315197425414269,597,2026
F1×H4,52,0.7139804096170971,0.7780481054137742,0.18044911324977875,0.5314410248399051,545,2026
F1×H4,53,0.715939447907391,0.7777543695187947,0.18062549829483032,0.5316875953044804,654,2026
F1×H4,54,0.7145146927871772,0.7779936005526821,0.18043804168701172,0.5315398672127405,520,2026
F1×H4,55,0.7161175422974176,0.77769341194115,0.1805938184261322,0.531649831682924,611,2026
F1×H4,56,0.7154051647373108,0.7779679269783137,0.18053404986858368,0.5315745914016982,593,2026
F1×H4,57,0.7136242208370437,0.7777264992749617,0.18057046830654144,0.5318389523673817,544,2026
F1×H4,58,0.715939447907391,0.7778020784337307,0.18057990074157715,0.5317352179158606,560,2026
F1×H4,59,0.7157613535173643,0.7777470930511932,0.18060162663459778,0.5317955096646967,556,2026
F1×H4,60,0.714692787177204,0.7777511431605186,0.1805582046508789,0.5315692723194231,574,2026
F1×H4,61,0.715939447907391,0.7782922103080361,0.18032041192054749,0.5311261929582839,549,2026
F1×H4,62,0.715939447907391,0.777443678081385,0.18065381050109863,0.5320459468613197,530,2026
F1×H4,63,0.7154051647373108,0.7776078104779486,0.18064844608306885,0.5318163687877888,606,2026
F1×H4,64,0.7125556544968833,0.7775104705622953,0.1806541532278061,0.5319923163661626,550,2026
F1×H4,65,0.7139804096170971,0.7774926226228948,0.1806904822587967,0.5318655881168108,621,2026
F1×H4,66,0.7170080142475512,0.7778055793756901,0.18057581782341003,0.5315667833607282,688,2026
F1×H4,67,0.7150489759572574,0.7777982342621674,0.18056084215641022,0.5315461582812613,642,2026
F1×H4,68,0.7162956366874443,0.777855622251932,0.18054723739624023,0.5316516705842776,552,2026
F1×H4,69,0.7161175422974176,0.777949529871547,0.1804988831281662,0.5314570453734446,620,2026
F1×H4,70,0.7150489759572574,0.7776260702928737,0.18061956763267517,0.5316819784844069,590,2026
F1×H4,71,0.7154051647373108,0.7779695058344913,0.18042443692684174,0.53165618234581,479,2026
F1×H4,72,0.7139804096170971,0.7774955743974878,0.18069927394390106,0.5321135073174709,544,2026
F1×H4,73,0.714692787177204,0.7774309785860423,0.18069249391555786,0.531964685272643,564,2026
F1×H4,74,0.7154051647373108,0.7776229125805182,0.18060874938964844,0.5319554077016184,527,2026
F1×H4,75,0.7139804096170971,0.7778513662048443,0.1806095540523529,0.531627302798536,654,2026
F1×H4,76,0.7139804096170971,0.7777571153556256,0.1805340200662613,0.5316055174554535,570,2026
F1×H4,77,0.715939447907391,0.7779614742617611,0.18043355643749237,0.5314642515000826,515,2026
F1×H4,78,0.715227070347284,0.7777464752379062,0.1806543469429016,0.5316951377263794,713,2026
F1×H4,79,0.7150489759572574,0.7779261902584849,0.180475115776062,0.5315705942136231,542,2026
F1×H4,80,0.7145146927871772,0.7776739164996512,0.18054257333278656,0.5316722173232724,553,2026
F1×H4,81,0.7143365983971505,0.7774360583841795,0.18069566786289215,0.5320474672054082,562,2026
F1×H4,82,0.7139804096170971,0.7777880746658935,0.18059201538562775,0.5317285313719201,574,2026
F1×H4,83,0.715939447907391,0.7774180045070165,0.18074099719524384,0.5321221620274932,559,2026
F1×H4,84,0.7155832591273374,0.7775916786865674,0.18067511916160583,0.5317709145540291,608,2026
F1×H4,85,0.716473731077471,0.7779504909144378,0.18050335347652435,0.5315464993327741,533,2026
F1×H4,86,0.7138023152270704,0.7777711877693838,0.1805940866470337,0.5317581882687449,557,2026
F1×H4,87,0.7148708815672307,0.7777518982656471,0.18056097626686096,0.5316834575628024,527,2026
F1×H4,88,0.715227070347284,0.7776474878201542,0.18064121901988983,0.5317966255541708,575,2026
F1×H4,89,0.7150489759572574,0.7778479339088058,0.1805851310491562,0.5315722773921984,631,2026
F1×H4,90,0.715227070347284,0.7773347370051212,0.1807376742362976,0.5320976485069151,604,2026
F1×H4,91,0.715939447907391,0.7779418415284205,0.18057025969028473,0.5316612742351368,578,2026
F1×H4,92,0.7154051647373108,0.7781683044210443,0.18044620752334595,0.5313424151948989,565,2026
F1×H4,93,0.7150489759572574,0.778112357995616,0.18046703934669495,0.5313694694722044,605,2026
F1×H4,94,0.7141585040071238,0.7778212306456258,0.1806555539369583,0.5318281518881356,588,2026
F1×H4,95,0.7173642030276046,0.7776249033122206,0.18058207631111145,0.5318871413476763,532,2026
F1×H4,96,0.7138023152270704,0.7778951623022963,0.18049031496047974,0.5316359745972774,515,2026
F1×H4,97,0.7150489759572574,0.7777398852295122,0.18059764802455902,0.5315876678813353,612,2026
F1×H4,98,0.7154051647373108,0.7777387868947798,0.18057402968406677,0.5318072201571572,527,2026
F1×H4,99,0.7145146927871772,0.7780314931009477,0.18050187826156616,0.5315006845868425,594,2026
F2×H4,0,0.7212819589485056,0.7686140383572785,0.18338803946971893,0.5418522412458292,524,2025
F2×H4,1,0.7205617572920417,0.7687665187042558,0.18341656029224396,0.5418072231751574,555,2025
F2×H4,2,0.7221822110190853,0.7690176171274962,0.1833055019378662,0.5416542869309439,581,2025
F2×H4,3,0.7220021606049694,0.7692901051549652,0.18324948847293854,0.5414348128512211,587,2025
F2×H4,4,0.723262513503781,0.7691089641501763,0.18316012620925903,0.5414198325868512,516,2025
F2×H4,5,0.7225423118473172,0.769300199918677,0.18333211541175842,0.5416388873055767,582,2025
F2×H4,6,0.7209218581202737,0.7691540729194903,0.18333326280117035,0.5415108386813737,631,2025
F2×H4,7,0.7214620093626215,0.7687904496476009,0.18338210880756378,0.5417771831212495,554,2025
F2×H4,8,0.7203817068779258,0.7692543146290773,0.18334373831748962,0.5415831950867281,594,2025
F2×H4,9,0.7211019085343896,0.7692080763757116,0.183232843875885,0.5414423854708634,562,2025
F2×H4,10,0.7221822110190853,0.7690678791677962,0.18327641487121582,0.5416548653558495,561,2025
F2×H4,11,0.7205617572920417,0.7683779761904762,0.1834329217672348,0.5420314324827333,489,2025
F2×H4,12,0.7220021606049694,0.7689632607075089,0.18338823318481445,0.5416584674597612,571,2025
F2×H4,13,0.7227223622614332,0.7695612519201229,0.18324793875217438,0.5414264396038152,600,2025
F2×H4,14,0.7230824630896651,0.7688659133008042,0.18338559567928314,0.5418265017522177,517,2025
F2×H4,15,0.7202016564638098,0.7684054367714828,0.18351994454860687,0.5420874573365702,569,2025
F2×H4,16,0.7209218581202737,0.7685249503027017,0.1835021823644638,0.5421646401608023,535,2025
F2×H4,17,0.7220021606049694,0.7686183445152255,0.1833641231060028,0.5419876402701944,487,2025
F2×H4,18,0.7216420597767375,0.7688681722689077,0.18336427211761475,0.5416966808607206,585,2025
F2×H4,19,0.7209218581202737,0.7693727692689979,0.18323133885860443,0.5414675925818253,572,2025
F2×H4,20,0.7214620093626215,0.7689216815758562,0.1833799034357071,0.5417201764222356,583,2025
F2×H4,21,0.723262513503781,0.7689297291497244,0.18335607647895813,0.5417328818821396,601,2025
F2×H4,22,0.7220021606049694,0.7690723265112497,0.1832314133644104,0.541479314614959,505,2025
F2×H4,23,0.7203817068779258,0.7685280563838439,0.1835731714963913,0.5422087019497767,589,2025
F2×H4,24,0.7220021606049694,0.7691031049516581,0.18321119248867035,0.5413587250934265,554,2025
F2×H4,25,0.7236226143320129,0.7695062601653564,0.18311738967895508,0.5410512870823855,558,2025
F2×H4,26,0.7211019085343896,0.7688230634995935,0.18340376019477844,0.54186030569202,584,2025
F2×H4,27,0.7207418077061577,0.7689761085885967,0.18322370946407318,0.5414064776969946,527,2025
F2×H4,28,0.7229024126755491,0.7685397747808801,0.18357937037944794,0.5422397601278253,585,2025
F2×H4,29,0.7221822110190853,0.7691671325788381,0.18327423930168152,0.5415257068975471,582,2025
F2×H4,30,0.7214620093626215,0.7690285590042469,0.18329358100891113,0.5415706737108219,506,2025
F2×H4,31,0.7225423118473172,0.7695670405258878,0.1831318587064743,0.5411696440399715,578,2025
F2×H4,32,0.7220021606049694,0.7689715200596368,0.18332359194755554,0.541659067965622,548,2025
F2×H4,33,0.7211019085343896,0.7686857605945604,0.18354588747024536,0.542227297574995,583,2025
F2×H4,34,0.7225423118473172,0.7685305271302069,0.18343470990657806,0.5419965577300867,536,2025
F2×H4,35,0.7227223622614332,0.7690872921749344,0.1831800788640976,0.541324957994704,500,2025
F2×H4,36,0.7207418077061577,0.7686947964669739,0.18351273238658905,0.5419798126866069,585,2025
F2×H4,37,0.7227223622614332,0.7690796681575855,0.18328602612018585,0.5415523569030679,511,2025
F2×H4,38,0.7221822110190853,0.769024605810066,0.18331433832645416,0.541516604408091,574,2025
F2×H4,39,0.7214620093626215,0.769420631155688,0.18330977857112885,0.541516867070019,583,2025
F2×H4,40,0.7223622614332013,0.7686336631426764,0.18348024785518646,0.5420394937177597,549,2025
F2×H4,41,0.7221822110190853,0.7679662792536369,0.18369846045970917,0.5426789096709289,533,2025
F2×H4,42,0.7220021606049694,0.7689533071293033,0.18338705599308014,0.5417489410504458,583,2025
F2×H4,43,0.7223622614332013,0.7687144212523719,0.1835237294435501,0.5419823349764599,604,2025
F2×H4,44,0.7225423118473172,0.7689571191379778,0.18327650427818298,0.5414903307086939,579,2025
F2×H4,45,0.7221822110190853,0.7695770646968465,0.18308278918266296,0.5410626599367746,561,2025
F2×H4,46,0.7227223622614332,0.7687899554983284,0.18334105610847473,0.5416752407075095,517,2025
F2×H4,47,0.7216420597767375,0.7688155100749978,0.18335208296775818,0.5417816128812686,526,2025
F2×H4,48,0.7214620093626215,0.769244996385651,0.18324501812458038,0.5415033821236914,569,2025
F2×H4,49,0.7220021606049694,0.7691295066413663,0.18340463936328888,0.5417862760097044,590,2025
F2×H4,50,0.7239827151602448,0.7689702493900786,0.18323588371276855,0.541625215674588,511,2025
F2×H4,51,0.7223622614332013,0.7692788809072015,0.1832079291343689,0.5413074559192511,548,2025
F2×H4,52,0.7230824630896651,0.768748164588416,0.1832413226366043,0.5415144863873158,483,2025
F2×H4,53,0.719841555635578,0.769155767145568,0.18335528671741486,0.5415938920286187,594,2025
F2×H4,54,0.7221822110190853,0.7692987880636126,0.18320779502391815,0.5414702491768308,511,2025
F2×H4,55,0.7212819589485056,0.7694031947456402,0.1832083761692047,0.5413404440640028,569,2025
F2×H4,56,0.7216420597767375,0.7686042965573326,0.18350434303283691,0.5420430255827225,595,2025
F2×H4,57,0.7221822110190853,0.7685339861751151,0.18335933983325958,0.541996175221194,458,2025
F2×H4,58,0.7225423118473172,0.769029194339026,0.1834222674369812,0.5419369515211616,578,2025
F2×H4,59,0.7203817068779258,0.768913069259962,0.1833655834197998,0.5416305672953001,549,2025
F2×H4,60,0.7218221101908534,0.7692263598987981,0.18330059945583344,0.5416141862298793,581,2025
F2×H4,61,0.7209218581202737,0.7689454007409416,0.18347088992595673,0.54188337538598,596,2025
F2×H4,62,0.7212819589485056,0.7695200963449895,0.18321532011032104,0.5413627976868788,612,2025
F2×H4,63,0.723262513503781,0.7689074218397036,0.18327876925468445,0.5416111520314943,509,2025
F2×H4,64,0.7223622614332013,0.7693319666576308,0.18311314284801483,0.541279606418098,503,2025
F2×H4,65,0.7220021606049694,0.7691486372774916,0.18336378037929535,0.541623524172754,545,2025
F2×H4,66,0.723442563917897,0.768605002484865,0.18322846293449402,0.5417287393092447,451,2025
F2×H4,67,0.7225423118473172,0.7694665870380409,0.18311721086502075,0.5412909937558753,512,2025
F2×H4,68,0.7218221101908534,0.7692729511159302,0.1833343207836151,0.5417621327788984,601,2025
F2×H4,69,0.7229024126755491,0.7688331582633053,0.18328730762004852,0.5416435895868948,485,2025
F2×H4,70,0.7220021606049694,0.769261232718894,0.18326975405216217,0.5414809703459457,576,2025
F2×H4,71,0.7230824630896651,0.7687891789780428,0.18338534235954285,0.5417912141595772,537,2025
F2×H4,72,0.7218221101908534,0.7694922828002169,0.18311798572540283,0.5411786570848126,522,2025
F2×H4,73,0.7214620093626215,0.7684256262989066,0.18360178172588348,0.5421965754336312,580,2025
F2×H4,74,0.719841555635578,0.768653146742568,0.1833413541316986,0.5417964731109237,494,2025
F2×H4,75,0.7209218581202737,0.7684201906569079,0.18356041610240936,0.5422764234404479,594,2025
F2×H4,76,0.7218221101908534,0.7685199382172223,0.18338453769683838,0.5418998513253258,501,2025
F2×H4,77,0.7230824630896651,0.7696029016445288,0.18299445509910583,0.5408817405801882,503,2025
F2×H4,78,0.723442563917897,0.7695838416011567,0.18312495946884155,0.5411179331650011,556,2025
F2×H4,79,0.7205617572920417,0.768748164588416,0.18346256017684937,0.5420396848470487,570,2025
F2×H4,80,0.7216420597767375,0.7692641270217764,0.1831223964691162,0.5412122504445601,525,2025
F2×H4,81,0.7207418077061577,0.7689370707960603,0.18333762884140015,0.5416646822438218,572,2025
F2×H4,82,0.7229024126755491,0.7695897713924279,0.18314819037914276,0.5410882970708765,589,2025
F2×H4,83,0.7211019085343896,0.768434309207554,0.183436781167984,0.5421150027189497,461,2025
F2×H4,84,0.7229024126755491,0.7694067243833017,0.1831737756729126,0.5413026583453615,568,2025
F2×H4,85,0.7211019085343896,0.7694566334598355,0.18324701488018036,0.5413718921026062,596,2025
F2×H4,86,0.7227223622614332,0.7690561607707599,0.18323363363742828,0.5414226777461315,516,2025
F2×H4,87,0.7205617572920417,0.7691331774645342,0.18328851461410522,0.541434150185855,565,2025
F2×H4,88,0.7223622614332013,0.7691993934670642,0.18335409462451935,0.5415701000710456,637,2025
F2×H4,89,0.7193014043932301,0.767816410838529,0.18384380638599396,0.5427565066975765,551,2025
F2×H4,90,0.7216420597767375,0.7693297782822807,0.18331532180309296,0.5415136209724034,615,2025
F2×H4,91,0.7205617572920417,0.7689191402367399,0.18338099122047424,0.5417207728237379,535,2025
F2×H4,92,0.7214620093626215,0.7686927492771303,0.18348833918571472,0.541994622043505,565,2025
F2×H4,93,0.7207418077061577,0.7688752315442307,0.1834302693605423,0.5418525008923968,586,2025
F2×H4,94,0.7211019085343896,0.7681407845396222,0.18358954787254333,0.5424038042017921,522,2025
F2×H4,95,0.7229024126755491,0.7690563725490196,0.18320971727371216,0.5414386127240891,559,2025
F2×H4,96,0.7221822110190853,0.7685346921026475,0.18346792459487915,0.5421152070864144,536,2025
F2×H4,97,0.7203817068779258,0.7682415909912352,0.1836499571800232,0.5422846598720732,582,2025
F2×H4,98,0.7216420597767375,0.7691189177283817,0.18326658010482788,0.5415474973418425,553,2025
F2×H4,99,0.7230824630896651,0.7682853584982381,0.18350979685783386,0.542103083948159,520,2025
F2×H4,0,0.7157613535173643,0.7780162537065365,0.18057668209075928,0.5319278935508619,583,2026
F2×H4,1,0.7171861086375779,0.7776147437159465,0.1806376576423645,0.5322381373768417,524,2026
F2×H4,2,0.7168299198575245,0.7776111054821456,0.18063969910144806,0.5321842783287122,545,2026
F2×H4,3,0.7157613535173643,0.7775773316891263,0.18070712685585022,0.532337841874614,567,2026
F2×H4,4,0.7168299198575245,0.7775483631105609,0.1806512326002121,0.5323266569956565,478,2026
F2×H4,5,0.7175422974176313,0.7775178843217384,0.1807120442390442,0.5324425676706174,530,2026
F2×H4,6,0.7175422974176313,0.7774827376103037,0.18074576556682587,0.532328612401294,575,2026
F2×H4,7,0.715939447907391,0.7771562576111164,0.18076400458812714,0.532696411598196,477,2026
F2×H4,8,0.7161175422974176,0.77742988025131,0.18078678846359253,0.5323995824102054,596,2026
F2×H4,9,0.7175422974176313,0.7775874226394796,0.1806686669588089,0.5322473900782857,524,2026
F2×H4,10,0.7162956366874443,0.7774780696876913,0.180772602558136,0.5324790240244103,571,2026
F2×H4,11,0.716473731077471,0.777279339747059,0.18078704178333282,0.5326201700421979,524,2026
F2×H4,12,0.7161175422974176,0.7772985606048749,0.18073958158493042,0.5324221282863351,529,2026
F2×H4,13,0.7180765805877115,0.7775458918574132,0.18072807788848877,0.5325150592109639,531,2026
F2×H4,14,0.7162956366874443,0.777626894043923,0.1807188093662262,0.5322023488748131,576,2026
F2×H4,15,0.7162956366874443,0.7775214539096187,0.18071193993091583,0.5323763266007503,538,2026
F2×H4,16,0.715227070347284,0.7773766110167917,0.18078278005123138,0.5324673553317817,567,2026
F2×H4,17,0.7166518254674977,0.7771868736917804,0.1807808130979538,0.5326905038484303,512,2026
F2×H4,18,0.7171861086375779,0.7775683390735053,0.18066950142383575,0.5324339496876073,489,2026
F2×H4,19,0.715939447907391,0.7773087888470698,0.18082714080810547,0.5327241839444574,527,2026
F2×H4,20,0.7161175422974176,0.7774299488972307,0.1806582510471344,0.5324379358486476,490,2026
F2×H4,21,0.7170080142475512,0.7775241311005286,0.18079301714897156,0.532418353087103,641,2026
F2×H4,22,0.7166518254674977,0.7778211619997051,0.18060161173343658,0.5319898228017877,579,2026
F2×H4,23,0.717720391807658,0.777612203816878,0.1806814968585968,0.5323266837183139,531,2026
F2×H4,24,0.7161175422974176,0.7774734704109996,0.180730402469635,0.532309765662344,537,2026
F2×H4,25,0.7154051647373108,0.7770864447096922,0.1809055507183075,0.532775329543287,580,2026
F2×H4,26,0.7162956366874443,0.7777293824036342,0.18065914511680603,0.5322082438972224,561,2026
F2×H4,27,0.7162956366874443,0.7776609424206254,0.18061839044094086,0.5321046072177109,532,2026
F2×H4,28,0.7166518254674977,0.7774361956760208,0.18073175847530365,0.5323941756948634,551,2026
F2×H4,29,0.7155832591273374,0.7775526191576487,0.18068432807922363,0.5323078618787019,524,2026
F2×H4,30,0.7161175422974176,0.777843952445401,0.18060462176799774,0.5320436828028554,557,2026
F2×H4,31,0.7175422974176313,0.7776645120085055,0.18064196407794952,0.532456270753372,484,2026
F2×H4,32,0.7184327693677649,0.7777058368528096,0.1805821657180786,0.532351511342631,457,2026
F2×H4,33,0.7170080142475512,0.7775485004024023,0.18063262104988098,0.5323821098511747,474,2026
F2×H4,34,0.7157613535173643,0.7772323859372515,0.18076004087924957,0.5325860893176327,520,2026
F2×H4,35,0.7155832591273374,0.7774772459366419,0.18073993921279907,0.5322292438565868,601,2026
F2×H4,36,0.7168299198575245,0.777498526172081,0.1806899756193161,0.532268645628955,580,2026
F2×H4,37,0.7170080142475512,0.7773517611934726,0.18071132898330688,0.5325533867382662,483,2026
F2×H4,38,0.7168299198575245,0.7781365213597273,0.18052741885185242,0.5318316090440296,566,2026
F2×H4,39,0.7157613535173643,0.7776388384341372,0.1806468516588211,0.532263440792692,513,2026
F2×H4,40,0.7161175422974176,0.7775718400154646,0.1806555986404419,0.5322384977370731,544,2026
F2×H4,41,0.7155832591273374,0.7775097841030874,0.18072162568569183,0.5324495764009607,524,2026
F2×H4,42,0.7161175422974176,0.7771456861393178,0.18075886368751526,0.5327195581178222,466,2026
F2×H4,43,0.7180765805877115,0.7779716338580354,0.18047501146793365,0.5320626965017615,469,2026
F2×H4,44,0.716473731077471,0.7772968444568555,0.1808239221572876,0.5324803506152528,613,2026
F2×H4,45,0.7170080142475512,0.7775467156084623,0.1807171255350113,0.5323393238456238,567,2026
F2×H4,46,0.7162956366874443,0.7771927772409666,0.1809185892343521,0.5325705122807898,646,2026
F2×H4,47,0.7162956366874443,0.7778258299223174,0.18067878484725952,0.5321476346785511,599,2026
F2×H4,48,0.7162956366874443,0.7773985777114384,0.18078532814979553,0.5323384400667217,587,2026
F2×H4,49,0.7180765805877115,0.7775485004024023,0.18065504729747772,0.5324088598180886,494,2026
F2×H4,50,0.7166518254674977,0.7773661081909136,0.18074463307857513,0.5326707386410688,486,2026
F2×H4,51,0.7168299198575245,0.7774573386196183,0.18077529966831207,0.5322865584894657,599,2026
F2×H4,52,0.7166518254674977,0.7776684248259894,0.1806482970714569,0.532126514376482,568,2026
F2×H4,53,0.7166518254674977,0.7777050131017604,0.18061946332454681,0.5322806524445555,499,2026
F2×H4,54,0.7175422974176313,0.7778121007381633,0.18065902590751648,0.532169543838133,593,2026
F2×H4,55,0.7182546749777382,0.777758831503645,0.180532306432724,0.5319791184759425,525,2026
F2×H4,56,0.7148708815672307,0.7769255386714049,0.18100731074810028,0.532903161436543,625,2026
F2×H4,57,0.7171861086375779,0.7775160995277984,0.18073198199272156,0.5324637400107598,517,2026
F2×H4,58,0.7166518254674977,0.7772346512526371,0.1808255910873413,0.53267916347963,558,2026
F2×H4,59,0.7166518254674977,0.7775594837497257,0.18074952065944672,0.5322819575015633,604,2026
F2×H4,60,0.7173642030276046,0.7771846083763949,0.18081632256507874,0.5326390260662344,530,2026
F2×H4,61,0.7162956366874443,0.777738718248859,0.18058793246746063,0.5321008199643246,506,2026
F2×H4,62,0.7162956366874443,0.7774510231949076,0.18073026835918427,0.532471531823384,536,2026
F2×H4,63,0.716473731077471,0.7773193603188686,0.1808730661869049,0.532553600345637,628,2026
F2×H4,64,0.716473731077471,0.7774232215969952,0.18066416680812836,0.5324125081848488,479,2026
F2×H4,65,0.7168299198575245,0.7777446904439662,0.18063993752002716,0.5320832196691485,595,2026
F2×H4,66,0.7166518254674977,0.7777624010915252,0.180606871843338,0.5321605909154468,525,2026
F2×H4,67,0.7166518254674977,0.77777352173069,0.18060630559921265,0.53205597670932,561,2026
F2×H4,68,0.717720391807658,0.7776594322103685,0.18061299622058868,0.5323781891135988,486,2026
F2×H4,69,0.716473731077471,0.7777919188374567,0.1805669218301773,0.5320154878762205,537,2026
F2×H4,70,0.7166518254674977,0.7773000021692111,0.18084900081157684,0.532440133000125,625,2026
F2×H4,71,0.7162956366874443,0.7772157049785041,0.1808684766292572,0.5327081612118313,554,2026
F2×H4,72,0.716473731077471,0.7775451367522845,0.18075335025787354,0.5324249364752035,586,2026
F2×H4,73,0.7157613535173643,0.7774876801165992,0.1806403398513794,0.5324095572192896,498,2026
F2×H4,74,0.7162956366874443,0.7775373797632374,0.18073299527168274,0.5323710147180126,557,2026
F2×H4,75,0.7166518254674977,0.7775821369035802,0.18070921301841736,0.5322998907112475,558,2026
F2×H4,76,0.7175422974176313,0.7776743970210966,0.1806422770023346,0.5321588301532033,562,2026
F2×H4,77,0.716473731077471,0.7775004482578627,0.18073618412017822,0.5323212632958919,557,2026
F2×H4,78,0.717720391807658,0.7777025418486126,0.18066082894802094,0.5321836146651056,563,2026
F2×H4,79,0.7166518254674977,0.7775046356590297,0.18065696954727173,0.5323394127091536,525,2026
F2×H4,80,0.7170080142475512,0.777326705432391,0.1807759553194046,0.5325438530619391,527,2026
F2×H4,81,0.7170080142475512,0.7777044639343942,0.1806204915046692,0.5322781137587413,515,2026
F2×H4,82,0.716473731077471,0.7775801461718779,0.18069924414157867,0.5322750241887004,590,2026
F2×H4,83,0.7155832591273374,0.7774018040697146,0.18075528740882874,0.5324454812510679,560,2026
F2×H4,84,0.7155832591273374,0.777380111958751,0.1808195859193802,0.5325534648310183,569,2026
F2×H4,85,0.7162956366874443,0.7776625899227239,0.1806458830833435,0.5322047779075766,532,2026
F2×H4,86,0.7170080142475512,0.7774226037837082,0.18074455857276917,0.5323011544264177,571,2026
F2×H4,87,0.7173642030276046,0.7773891045743719,0.1807151883840561,0.5325668019689747,490,2026
F2×H4,88,0.7182546749777382,0.7773245087629264,0.18082332611083984,0.5326338387030783,551,2026
F2×H4,89,0.7187889581478183,0.777884178954973,0.18052083253860474,0.5319827974525044,519,2026
F2×H4,90,0.715227070347284,0.7775490495697686,0.1807173639535904,0.5323603137136006,562,2026
F2×H4,91,0.715939447907391,0.7778133363647373,0.18056277930736542,0.5321413403422642,523,2026
F2×H4,92,0.7161175422974176,0.7777547813943194,0.1806420236825943,0.5321648699936299,538,2026
F2×H4,93,0.716473731077471,0.7775517267606786,0.18076515197753906,0.5321411711851906,674,2026
F2×H4,94,0.7157613535173643,0.777538409452049,0.1807008534669876,0.5323104008676858,559,2026
F2×H4,95,0.7161175422974176,0.7773781898729694,0.18080967664718628,0.532469883202124,605,2026
F2×H4,96,0.7168299198575245,0.7775077247254645,0.18067248165607452,0.5322999928963057,500,2026
F2×H4,97,0.7154051647373108,0.7774596725809245,0.18085576593875885,0.5324100037909433,621,2026
F2×H4,98,0.7170080142475512,0.777399881983933,0.1807606816291809,0.5323848644572682,569,2026
F2×H4,99,0.7161175422974176,0.777705150393602,0.18060976266860962,0.532153121659686,517,2026
F4×H4,0,0.7230824630896651,0.7686337337354296,0.18341466784477234,0.5419504485266798,559,2025
F4×H4,1,0.7218221101908534,0.7688594187675071,0.18341843783855438,0.5419317163405152,554,2025
F4×H4,2,0.7223622614332013,0.7679263943480619,0.18377918004989624,0.5427076324212615,577,2025
F4×H4,3,0.7207418077061577,0.7675742776949489,0.18394657969474792,0.5432051509778741,589,2025
F4×H4,4,0.723262513503781,0.7691808275729646,0.1833646595478058,0.5418147114959375,586,2025
F4×H4,5,0.7225423118473172,0.7688814437065148,0.18346638977527618,0.5421162960723808,566,2025
F4×H4,6,0.7227223622614332,0.7680587557603686,0.1838807314634323,0.5429448295992517,624,2025
F4×H4,7,0.7212819589485056,0.7680792276588055,0.1837095022201538,0.5427000190900714,550,2025
F4×H4,8,0.7221822110190853,0.7682682044592031,0.18367503583431244,0.5425709743465693,533,2025
F4×H4,9,0.7212819589485056,0.7682000824523357,0.1836594045162201,0.5424367549193444,552,2025
F4×H4,10,0.723442563917897,0.7684371329176831,0.18361026048660278,0.5424653129286049,549,2025
F4×H4,11,0.7205617572920417,0.7679907043462546,0.18366971611976624,0.5426103519083474,517,2025
F4×H4,12,0.723262513503781,0.768188222869793,0.18358908593654633,0.5424349070668173,523,2025
F4×H4,13,0.7218221101908534,0.7679232176741665,0.18364861607551575,0.542578947800964,473,2025
F4×H4,14,0.7211019085343896,0.7685068079651216,0.18378935754299164,0.5428279725462553,587,2025
F4×H4,15,0.7189413035649982,0.7677948800487937,0.18400301039218903,0.5431877237740956,624,2025
F4×H4,16,0.7211019085343896,0.7682931942938465,0.18357592821121216,0.5423423340474566,526,2025
F4×H4,17,0.7203817068779258,0.7684266851902051,0.18343313038349152,0.5421473803529551,483,2025
F4×H4,18,0.7220021606049694,0.7680065171229782,0.18363147974014282,0.5424318130998527,505,2025
F4×H4,19,0.7203817068779258,0.7686006963269179,0.18356505036354065,0.5423992444010822,561,2025
F4×H4,20,0.7207418077061577,0.7682873350953285,0.18362995982170105,0.5423940902006362,567,2025
F4×H4,21,0.719841555635578,0.7682948179271709,0.18373200297355652,0.5426546298362044,569,2025
F4×H4,22,0.7203817068779258,0.7676351992409867,0.18382978439331055,0.5427661455832504,504,2025
F4×H4,23,0.7193014043932301,0.768205023945062,0.18368753790855408,0.5425349823146002,532,2025
F4×H4,24,0.7209218581202737,0.7679723502304148,0.18381494283676147,0.5429002026276307,579,2025
F4×H4,25,0.7216420597767375,0.7690523487620855,0.18328899145126343,0.5417154854054278,558,2025
F4×H4,26,0.7209218581202737,0.7681528559004247,0.18368005752563477,0.542595399091894,564,2025
F4×H4,27,0.7200216060496939,0.7684554870335232,0.18363036215305328,0.542347404448203,583,2025
F4×H4,28,0.7211019085343896,0.7682275430333424,0.18377898633480072,0.5427868101398183,541,2025
F4×H4,29,0.723262513503781,0.7682671455679047,0.18363915383815765,0.5424728346618372,534,2025
F4×H4,30,0.7223622614332013,0.7681146652209271,0.18359620869159698,0.5424865363240106,517,2025
F4×H4,31,0.7209218581202737,0.7682756872910455,0.1835447996854782,0.5421400729953396,507,2025
F4×H4,32,0.7200216060496939,0.7681603387322671,0.1837109923362732,0.5426998706578978,548,2025
F4×H4,33,0.7205617572920417,0.7674641529999097,0.1837209016084671,0.542896273255056,449,2025
F4×H4,34,0.7218221101908534,0.768756141569531,0.18340691924095154,0.5418891999330511,505,2025
F4×H4,35,0.7214620093626215,0.7680332011836992,0.18363039195537567,0.5425995778282949,506,2025
F4×H4,36,0.7216420597767375,0.7683649871238819,0.1837315857410431,0.5426298631536797,588,2025
F4×H4,37,0.7207418077061577,0.7674211620131924,0.18393193185329437,0.5433319233156033,524,2025
F4×H4,38,0.7225423118473172,0.7685239620041564,0.1835327297449112,0.5422056670865683,574,2025
F4×H4,39,0.7200216060496939,0.7677021211710491,0.18390902876853943,0.5432000749358826,548,2025
F4×H4,40,0.7212819589485056,0.7689068570976778,0.1836710274219513,0.5424441675040805,649,2025
F4×H4,41,0.7227223622614332,0.76774257081865,0.18376414477825165,0.5428406884087911,484,2025
F4×H4,42,0.7205617572920417,0.768053037747357,0.18362411856651306,0.5425400713461809,486,2025
F4×H4,43,0.7193014043932301,0.7684300736423602,0.18360751867294312,0.5422596926457615,542,2025
F4×H4,44,0.7214620093626215,0.7679272414611005,0.18382424116134644,0.5428781660555012,577,2025
F4×H4,45,0.7214620093626215,0.7689140575585073,0.18344746530056,0.5420434927379605,585,2025
F4×H4,46,0.7230824630896651,0.7680987818514502,0.18367677927017212,0.5425713214879112,525,2025
F4×H4,47,0.7207418077061577,0.7681095825426947,0.18371717631816864,0.5427054872264816,531,2025
F4×H4,48,0.7207418077061577,0.7679908455317611,0.18373334407806396,0.5426454234814159,540,2025
F4×H4,49,0.7216420597767375,0.7674964138881359,0.18400727212429047,0.543384961105557,590,2025
F4×H4,50,0.7212819589485056,0.7686328866223909,0.1834900677204132,0.5421749926495493,554,2025
F4×H4,51,0.7230824630896651,0.7689566249887052,0.18344272673130035,0.542020748925838,560,2025
F4×H4,52,0.7203817068779258,0.7676973208638295,0.1840216964483261,0.543292256278196,627,2025
F4×H4,53,0.7187612531508822,0.7679489840290956,0.1837615966796875,0.5428124351800465,546,2025
F4×H4,54,0.7229024126755491,0.7688100038402459,0.18338270485401154,0.5420301005650248,516,2025
F4×H4,55,0.723262513503781,0.7685906721559592,0.1835068017244339,0.5422763837089283,523,2025
F4×H4,56,0.7216420597767375,0.7683795998238006,0.18371419608592987,0.5426272506429699,597,2025
F4×H4,57,0.7211019085343896,0.7683183959067498,0.1835249811410904,0.542269073638908,492,2025
F4×H4,58,0.7227223622614332,0.7687792959925905,0.1834007203578949,0.5419610860559999,555,2025
F4×H4,59,0.7200216060496939,0.7680524024125779,0.1837877631187439,0.5427714955789373,567,2025
F4×H4,60,0.7221822110190853,0.7688295580328905,0.18350467085838318,0.5421348189811186,630,2025
F4×H4,61,0.7216420597767375,0.7680377191199059,0.18389053642749786,0.5428854444567885,619,2025
F4×H4,62,0.7214620093626215,0.7686515937019969,0.18365360796451569,0.5424631542515086,602,2025
F4×H4,63,0.7223622614332013,0.7684643111276769,0.18353770673274994,0.5422547296125095,575,2025
F4×H4,64,0.7216420597767375,0.7689793558552454,0.1836683750152588,0.5424676004943143,698,2025
F4×H4,65,0.7207418077061577,0.7683450799674709,0.1836176961660385,0.5423723542462421,534,2025
F4×H4,66,0.7225423118473172,0.7688451590313544,0.18341632187366486,0.5420117934854627,561,2025
F4×H4,67,0.7221822110190853,0.767875285194723,0.18377792835235596,0.5429324045401731,496,2025
F4×H4,68,0.7243428159884767,0.7682581096954911,0.1835869550704956,0.542368309330141,544,2025
F4×H4,69,0.7207418077061577,0.7681129709948495,0.18377158045768738,0.5428400400396198,580,2025
F4×H4,70,0.7214620093626215,0.7682545800578295,0.18355363607406616,0.5423439591293261,474,2025
F4×H4,71,0.7220021606049694,0.7686100145703443,0.18368946015834808,0.5424400101711127,579,2025
F4×H4,72,0.7221822110190853,0.768511537679588,0.18365520238876343,0.5424564163842209,576,2025
F4×H4,73,0.7211019085343896,0.7678309529456944,0.18368105590343475,0.5427800678487783,478,2025
F4×H4,74,0.7202016564638098,0.7682726518026566,0.18356935679912567,0.5423770885754978,508,2025
F4×H4,75,0.7223622614332013,0.7676828493494172,0.18394453823566437,0.5432652711488766,611,2025
F4×H4,76,0.719481454807346,0.7678802972802025,0.18370459973812103,0.5426596153834976,532,2025
F4×H4,77,0.7223622614332013,0.7685901780066865,0.1835455596446991,0.5421523492157514,539,2025
F4×H4,78,0.7225423118473172,0.7690624435257974,0.1834612786769867,0.5418663321404171,579,2025
F4×H4,79,0.7256031688872885,0.768879608294931,0.1834302544593811,0.5420299945716334,567,2025
F4×H4,80,0.7209218581202737,0.768151726416373,0.1835285872220993,0.5422715682772181,473,2025
F4×H4,81,0.7211019085343896,0.7677098157811512,0.18389074504375458,0.5430607569680679,587,2025
F4×H4,82,0.7202016564638098,0.7676930147058822,0.18382787704467773,0.5429788820010076,495,2025
F4×H4,83,0.7207418077061577,0.7679415717900063,0.1838403046131134,0.5428191182601688,578,2025
F4×H4,84,0.7211019085343896,0.768600131584892,0.18350856006145477,0.5422175022013762,550,2025
F4×H4,85,0.7216420597767375,0.7684231555525436,0.18357284367084503,0.5424001537092304,547,2025
F4×H4,86,0.7229024126755491,0.7684801944971538,0.18361012637615204,0.5424458345581601,568,2025
F4×H4,87,0.7211019085343896,0.7683486096051324,0.18367405235767365,0.5425578638228714,568,2025
F4×H4,88,0.7212819589485056,0.7679743268275052,0.18379759788513184,0.5427661270841112,611,2025
F4×H4,89,0.7205617572920417,0.7677031094695943,0.18388967216014862,0.543052583871609,547,2025
F4×H4,90,0.7207418077061577,0.7683241139197614,0.18385109305381775,0.5428792127472833,609,2025
F4×H4,91,0.7220021606049694,0.7688354172314087,0.18342499434947968,0.542000539746722,526,2025
F4×H4,92,0.7216420597767375,0.7682286019246409,0.18350571393966675,0.5423339176289145,501,2025
F4×H4,93,0.7200216060496939,0.7677179339477727,0.18379677832126617,0.5428267026585902,546,2025
F4×H4,94,0.7207418077061577,0.7680172472214691,0.18372097611427307,0.5428143009507066,527,2025
F4×H4,95,0.7212819589485056,0.7681726924640824,0.18363893032073975,0.5425371827850516,524,2025
F4×H4,96,0.7220021606049694,0.7688944327731091,0.1835537552833557,0.542218371171361,601,2025
F4×H4,97,0.7200216060496939,0.7681972587422065,0.18376250565052032,0.5427969266891497,622,2025
F4×H4,98,0.7216420597767375,0.7684595108204572,0.1836937814950943,0.5424505818150962,618,2025
F4×H4,99,0.7225423118473172,0.768436779953917,0.1835392266511917,0.542345932623275,520,2025
F4×H4,0,0.7145146927871772,0.7775625041702396,0.18071451783180237,0.5322651166536133,598,2026
F4×H4,1,0.7166518254674977,0.7776129589220064,0.18067698180675507,0.5323888555178493,508,2026
F4×H4,2,0.7141585040071238,0.7774177985692543,0.18078483641147614,0.5325852421888566,582,2026
F4×H4,3,0.715939447907391,0.7775012033629911,0.18069404363632202,0.532572495028887,491,2026
F4×H4,4,0.7148708815672307,0.7770287134903238,0.18086887896060944,0.5330190196247211,496,2026
F4×H4,5,0.7150489759572574,0.7774309785860424,0.18078157305717468,0.5325385786496423,605,2026
F4×H4,6,0.715939447907391,0.7775060772233658,0.18075762689113617,0.5324473721486948,592,2026
F4×H4,7,0.7148708815672307,0.7771655934563413,0.18083657324314117,0.532883738072996,496,2026
F4×H4,8,0.7173642030276046,0.7775660737581198,0.18066711723804474,0.5323984059367802,505,2026
F4×H4,9,0.7162956366874443,0.7775042924294258,0.18074408173561096,0.5325640328866931,535,2026
F4×H4,10,0.714692787177204,0.7772556569043929,0.18088796734809875,0.5326393772117624,638,2026
F4×H4,11,0.715939447907391,0.7775922278539336,0.18073312938213348,0.5324885534927918,576,2026
F4×H4,12,0.715939447907391,0.7776063002676916,0.18067415058612823,0.5323333034989309,541,2026
F4×H4,13,0.7139804096170971,0.7775509030096294,0.1807595193386078,0.5324956789766666,606,2026
F4×H4,14,0.7150489759572574,0.777452052883719,0.18071989715099335,0.5324125541291632,564,2026
F4×H4,15,0.7155832591273374,0.777479030730582,0.18076784908771515,0.5325268782360519,585,2026
F4×H4,16,0.7168299198575245,0.7771136971402384,0.1808360517024994,0.5328150563477542,532,2026
F4×H4,17,0.7141585040071238,0.7772382208405171,0.1808287799358368,0.5326826306542404,566,2026
F4×H4,18,0.7154051647373108,0.7772703471314379,0.1807655543088913,0.5327138269923429,511,2026
F4×H4,19,0.715939447907391,0.7773830637333441,0.18076027929782867,0.5326311832063894,533,2026
F4×H4,20,0.7154051647373108,0.7773556740109564,0.1808152198791504,0.5325537439493333,598,2026
F4×H4,21,0.715939447907391,0.777381896752691,0.1807871162891388,0.5325658342778572,561,2026
F4×H4,22,0.715939447907391,0.7777151040521137,0.18071343004703522,0.532353300044744,579,2026
F4×H4,23,0.7148708815672307,0.7777158591572423,0.18064895272254944,0.5322441627787404,569,2026
F4×H4,24,0.7157613535173643,0.7774990753394473,0.1806938648223877,0.5324933968031971,559,2026
F4×H4,25,0.7145146927871772,0.7770103163835571,0.18095864355564117,0.5330452447530939,601,2026
F4×H4,26,0.7155832591273374,0.7776289534215461,0.18071113526821136,0.5324946518528956,541,2026
F4×H4,27,0.7154051647373108,0.7775516581147579,0.18073564767837524,0.5324052650875574,561,2026
F4×H4,28,0.7178984861976848,0.777450885903066,0.18069295585155487,0.5325376373081363,502,2026
F4×H4,29,0.7170080142475512,0.7773620580815882,0.18076501786708832,0.5326520313244567,519,2026
F4×H4,30,0.7162956366874443,0.7774389415128518,0.1806958019733429,0.5327295830148409,467,2026
F4×H4,31,0.7155832591273374,0.7776945789218033,0.18067513406276703,0.5324878548466743,562,2026
F4×H4,32,0.7154051647373108,0.7773627445407959,0.180787593126297,0.5327148915691015,544,2026
F4×H4,33,0.715939447907391,0.7772225009246605,0.1807977259159088,0.5327756990866066,518,2026
F4×H4,34,0.7157613535173643,0.7770861014800884,0.18086570501327515,0.5328199065416134,581,2026
F4×H4,35,0.7173642030276046,0.777611586003591,0.18061281740665436,0.532455897268863,471,2026
F4×H4,36,0.715227070347284,0.7773052192591897,0.18076366186141968,0.532730956344233,516,2026
F4×H4,37,0.7145146927871772,0.7774524647592437,0.18078677356243134,0.5325856794498184,570,2026
F4×H4,38,0.7168299198575245,0.7776899109991908,0.18065956234931946,0.5322896185839285,563,2026
F4×H4,39,0.7155832591273374,0.7773665887123591,0.1807914525270462,0.5327266624596676,522,2026
F4×H4,40,0.715227070347284,0.7774659880056356,0.18075725436210632,0.5326258390984885,544,2026
F4×H4,41,0.7150489759572574,0.7771673782502815,0.1808047741651535,0.5327175586782051,524,2026
F4×H4,42,0.7145146927871772,0.7774116204363848,0.18082520365715027,0.5327134134585412,565,2026
F4×H4,43,0.7162956366874443,0.7775279066261711,0.18069559335708618,0.5324447735403689,523,2026
F4×H4,44,0.7166518254674977,0.7772555196125515,0.18078073859214783,0.5326449212939758,515,2026
F4×H4,45,0.716473731077471,0.7774685965506248,0.1807437539100647,0.53244658874953,558,2026
F4×H4,46,0.714692787177204,0.7772950596629156,0.1808464080095291,0.5327411977447246,588,2026
F4×H4,47,0.7161175422974176,0.7778041378113538,0.18067997694015503,0.5322944892707075,617,2026
F4×H4,48,0.716473731077471,0.7773177814626908,0.18082454800605774,0.5326132452135848,595,2026
F4×H4,49,0.7148708815672307,0.777301855609072,0.18081094324588776,0.5327840772469105,541,2026
F4×H4,50,0.7168299198575245,0.7773214196964917,0.18077406287193298,0.5327959604874116,485,2026
F4×H4,51,0.714692787177204,0.7776737105618889,0.18061001598834991,0.5324425730963925,453,2026
F4×H4,52,0.7161175422974176,0.7774225351377875,0.1807137429714203,0.532491715576499,547,2026
F4×H4,53,0.7145146927871772,0.7774602903942115,0.18073460459709167,0.5324976230086282,576,2026
F4×H4,54,0.717720391807658,0.7772908722617485,0.180747389793396,0.532827369998595,493,2026
F4×H4,55,0.716473731077471,0.7775965525469422,0.18065842986106873,0.5323357860812886,529,2026
F4×H4,56,0.7157613535173643,0.7771503540619301,0.1807992160320282,0.5328207686251731,510,2026
F4×H4,57,0.716473731077471,0.7771390274850029,0.18101854622364044,0.5330865911482712,657,2026
F4×H4,58,0.7150489759572574,0.7774845224042437,0.18073053658008575,0.5325696943691897,543,2026
F4×H4,59,0.7168299198575245,0.7776713766005827,0.1805868148803711,0.5324353080267453,477,2026
F4×H4,60,0.715939447907391,0.7777065233120175,0.18065504729747772,0.5323541562959782,515,2026
F4×H4,61,0.7166518254674977,0.7775096468112459,0.1807209700345993,0.5324615829351651,565,2026
F4×H4,62,0.7155832591273374,0.7777807981982917,0.18062515556812286,0.5323060568136494,519,2026
F4×H4,63,0.7150489759572574,0.7774458061049287,0.1807485669851303,0.532672319736542,496,2026
F4×H4,64,0.715939447907391,0.7774797858357105,0.18075509369373322,0.5325511287867618,559,2026
F4×H4,65,0.7141585040071238,0.7775476766513532,0.18070091307163239,0.5324955469725832,512,2026
F4×H4,66,0.715939447907391,0.7774679100914171,0.18068893253803253,0.5324963142234524,512,2026
F4×H4,67,0.7154051647373108,0.7772141947682473,0.18083488941192627,0.5328330511433422,571,2026
F4×H4,68,0.7168299198575245,0.7774786188550574,0.18061983585357666,0.5326452578930946,450,2026
F4×H4,69,0.7155832591273374,0.777566279695882,0.18072117865085602,0.5325003656272186,586,2026
F4×H4,70,0.7170080142475512,0.7773813475853248,0.18074825406074524,0.5325644911069277,553,2026
F4×H4,71,0.7130899376669635,0.7770068154415979,0.1809513121843338,0.5329232196566231,548,2026
F4×H4,72,0.7155832591273374,0.7771420479055169,0.18085190653800964,0.5328885533429358,531,2026
F4×H4,73,0.7150489759572574,0.7775719773073061,0.18064762651920319,0.5324611498465482,500,2026
F4×H4,74,0.7161175422974176,0.7774280954573699,0.1808139830827713,0.5326159912445477,628,2026
F4×H4,75,0.7157613535173643,0.7776059570380878,0.18070262670516968,0.5324849413201163,507,2026
F4×H4,76,0.7155832591273374,0.7773166831279584,0.18081262707710266,0.5327459063023832,538,2026
F4×H4,77,0.715939447907391,0.7773218315720163,0.18067601323127747,0.5327543793787852,436,2026
F4×H4,78,0.7168299198575245,0.7776738478537305,0.18057751655578613,0.5322856748470625,497,2026
F4×H4,79,0.7166518254674977,0.7772557941962345,0.18072210252285004,0.5325889781209184,509,2026
F4×H4,80,0.7162956366874443,0.777775581108313,0.18058215081691742,0.532319430237331,494,2026
F4×H4,81,0.715939447907391,0.7777678241192658,0.18060146272182465,0.5322678391358799,522,2026
F4×H4,82,0.7148708815672307,0.7773565664079264,0.1807316690683365,0.5325932948432827,509,2026
F4×H4,83,0.7161175422974176,0.7774473163151858,0.18076485395431519,0.5325222460259352,560,2026
F4×H4,84,0.7150489759572574,0.7772152931029797,0.1808716058731079,0.5327013226024774,567,2026
F4×H4,85,0.714692787177204,0.7773702955920807,0.18085871636867523,0.5326481760033663,598,2026
F4×H4,86,0.7139804096170971,0.7774430602680982,0.1806996464729309,0.5324182544098587,514,2026
F4×H4,87,0.7170080142475512,0.7774761476019096,0.1807040423154831,0.5327132780315379,491,2026
F4×H4,88,0.7139804096170971,0.7773094066603567,0.18083491921424866,0.5327269915814985,560,2026
F4×H4,89,0.7162956366874443,0.7778442270290842,0.18061161041259766,0.5321723278122723,559,2026
F4×H4,90,0.715227070347284,0.7773769542463955,0.18078967928886414,0.5325552437156604,559,2026
F4×H4,91,0.7155832591273374,0.7775382035142867,0.1807737648487091,0.5325301479533758,587,2026
F4×H4,92,0.7161175422974176,0.7775589345823597,0.18070335686206818,0.5323760930008717,534,2026
F4×H4,93,0.7145146927871772,0.7774944074168347,0.18077225983142853,0.5324350647887278,597,2026
F4×H4,94,0.7162956366874443,0.7774946820005179,0.18074262142181396,0.5326481549947959,509,2026
F4×H4,95,0.715939447907391,0.7775252980811818,0.18068525195121765,0.5326804789979003,470,2026
F4×H4,96,0.7157613535173643,0.7777021986190088,0.1806323230266571,0.532346730102558,516,2026
F4×H4,97,0.715227070347284,0.7771085486961805,0.1809319406747818,0.5327321673666995,621,2026
F4×H4,98,0.7154051647373108,0.7775835098219956,0.18073968589305878,0.5323718489556047,597,2026
F4×H4,99,0.7161175422974176,0.777418210444779,0.18069538474082947,0.5324451442395037,507,2026
F1×H5,0,0.7230824630896651,0.7699071564109514,0.18282924592494965,0.5408937838053671,668,2025
F1×H5,1,0.7218221101908534,0.7695198845667299,0.18312907218933105,0.5415389398500172,707,2025
F1×H5,2,0.7211019085343896,0.7702790390349687,0.18297944962978363,0.5410698564140304,796,2025
F1×H5,3,0.7225423118473172,0.7700483419174121,0.18288609385490417,0.5408574144791527,722,2025
F1×H5,4,0.7238026647461289,0.7703243595825428,0.18273001909255981,0.5405524218799418,723,2025
F1×H5,5,0.7218221101908534,0.7697246741438512,0.18291781842708588,0.5410749656551015,584,2025
F1×H5,6,0.7238026647461289,0.7701658788515406,0.18280449509620667,0.5406789951362734,673,2025
F1×H5,7,0.7223622614332013,0.769622879393693,0.1830822378396988,0.5414469275644863,779,2025
F1×H5,8,0.7241627655743608,0.7696783652977319,0.18295641243457794,0.5411522867330559,608,2025
F1×H5,9,0.7221822110190853,0.7700849795563387,0.18290363252162933,0.5409622979421902,684,2025
F1×H5,10,0.723262513503781,0.7702568023177012,0.18279553949832916,0.5407446122277143,685,2025
F1×H5,11,0.7221822110190853,0.7694913650944248,0.1829836666584015,0.5411809967863294,657,2025
F1×H5,12,0.7230824630896651,0.7699908088235294,0.18283675611019135,0.5408505838957187,632,2025
F1×H5,13,0.7227223622614332,0.7699715370018976,0.18292483687400818,0.5410329888179977,684,2025
F1×H5,14,0.7239827151602448,0.7700458005782957,0.1829117238521576,0.540844796629648,681,2025
F1×H5,15,0.7212819589485056,0.7699147098355472,0.18306246399879456,0.5412180839991564,775,2025
F1×H5,16,0.7216420597767375,0.7695288498463901,0.18310698866844177,0.5414937784448507,714,2025
F1×H5,17,0.7227223622614332,0.769606007725671,0.18301084637641907,0.5412956844160034,645,2025
F1×H5,18,0.7227223622614332,0.7695578634679678,0.18296140432357788,0.5411840637639365,628,2025
F1×H5,19,0.7220021606049694,0.7701396183473389,0.18283940851688385,0.5407174143918918,667,2025
F1×H5,20,0.7227223622614332,0.7696806242658354,0.18309932947158813,0.5413220564675544,707,2025
F1×H5,21,0.7218221101908534,0.7697316628264209,0.1831064373254776,0.5413101838544956,740,2025
F1×H5,22,0.7230824630896651,0.769866212614078,0.18298785388469696,0.5411504169736597,710,2025
F1×H5,23,0.7236226143320129,0.7702372481250563,0.18283769488334656,0.540842942914326,678,2025
F1×H5,24,0.723262513503781,0.7697272154829674,0.18293514847755432,0.5409810742787816,632,2025
F1×H5,25,0.7241627655743608,0.7699176747311828,0.18284781277179718,0.540898753496186,660,2025
F1×H5,26,0.7223622614332013,0.7700889327505196,0.18292145431041718,0.5409197121738619,737,2025
F1×H5,27,0.7221822110190853,0.7698008437245867,0.18287400901317596,0.5408978674014899,619,2025
F1×H5,28,0.7223622614332013,0.7692686449579832,0.1830892264842987,0.5413719235992976,657,2025
F1×H5,29,0.723262513503781,0.7703609972214691,0.1827884465456009,0.5406163594116755,748,2025
F1×H5,30,0.7218221101908534,0.7703135588912985,0.18282614648342133,0.5407339874930549,664,2025
F1×H5,31,0.7225423118473172,0.7701226054938104,0.1828620582818985,0.5408624524054055,692,2025
F1×H5,32,0.7229024126755491,0.769804655733261,0.1829403042793274,0.5410271089100475,691,2025
F1×H5,33,0.7223622614332013,0.7703699625011295,0.18280354142189026,0.5405894768556433,696,2025
F1×H5,34,0.7230824630896651,0.769675612180356,0.18300500512123108,0.5411669583388424,682,2025
F1×H5,35,0.7223622614332013,0.7700174928842505,0.1828182339668274,0.5409167586830554,639,2025
F1×H5,36,0.7225423118473172,0.7702126818469324,0.18282732367515564,0.5407692697573739,651,2025
F1×H5,37,0.7223622614332013,0.7697150029366584,0.18288713693618774,0.5410243682845712,647,2025
F1×H5,38,0.7211019085343896,0.7695177667841331,0.18309205770492554,0.5414532411180747,709,2025
F1×H5,39,0.7230824630896651,0.7702198823077618,0.18282486498355865,0.5406117017008821,671,2025
F1×H5,40,0.7227223622614332,0.7701856448224451,0.1827697455883026,0.5407223046323879,643,2025
F1×H5,41,0.7200216060496939,0.7689393297641637,0.18329966068267822,0.5419015610583691,648,2025
F1×H5,42,0.7236226143320129,0.7699552300759014,0.18292273581027985,0.5410626668432487,692,2025
F1×H5,43,0.7227223622614332,0.769347073506822,0.18319182097911835,0.5416753666680967,665,2025
F1×H5,44,0.7214620093626215,0.7698810370922563,0.1828959733247757,0.540904056613378,693,2025
F1×H5,45,0.7243428159884767,0.7700273052769495,0.18283702433109283,0.5407776340838525,705,2025
F1×H5,46,0.7223622614332013,0.7697591234074274,0.18291129171848297,0.5409109361332388,638,2025
F1×H5,47,0.7229024126755491,0.7699417468600344,0.18279951810836792,0.5408419440341342,634,2025
F1×H5,48,0.7239827151602448,0.7699549477048884,0.18287475407123566,0.5408391666486548,667,2025
F1×H5,49,0.7227223622614332,0.7697414752191201,0.1828947812318802,0.5410694371863874,618,2025
F1×H5,50,0.7236226143320129,0.7699585479353032,0.18280036747455597,0.5407406850901303,644,2025
F1×H5,51,0.7212819589485056,0.7693817345486582,0.18308600783348083,0.5413716458691141,696,2025
F1×H5,52,0.7223622614332013,0.7702519314177283,0.18279822170734406,0.540728542994405,698,2025
F1×H5,53,0.723262513503781,0.7696126434444746,0.1830800175666809,0.5413551445363783,719,2025
F1×H5,54,0.7227223622614332,0.7698931790458119,0.18284101784229279,0.5408217995088485,654,2025
F1×H5,55,0.7225423118473172,0.7696048782416193,0.18305964767932892,0.5413180887848327,675,2025
F1×H5,56,0.7227223622614332,0.7697193796873589,0.18295834958553314,0.541093403246864,660,2025
F1×H5,57,0.7238026647461289,0.7702827098581368,0.18277312815189362,0.540531576993583,694,2025
F1×H5,58,0.7220021606049694,0.7698830136893468,0.18295983970165253,0.5410488615285092,670,2025
F1×H5,59,0.7220021606049694,0.7694897414611006,0.18304157257080078,0.541234783784063,622,2025
F1×H5,60,0.7221822110190853,0.7705755991912895,0.18286293745040894,0.5406155604281659,760,2025
F1×H5,61,0.7223622614332013,0.7705039475467605,0.18287093937397003,0.5407568135931002,703,2025
F1×H5,62,0.7227223622614332,0.7697735949218396,0.18298760056495667,0.5411582617890343,739,2025
F1×H5,63,0.7223622614332013,0.7697008843860125,0.18294548988342285,0.5411462996682695,647,2025
F1×H5,64,0.7238026647461289,0.7704153536414565,0.18271248042583466,0.5404385713441382,705,2025
F1×H5,65,0.7212819589485056,0.7701045337489835,0.1828744262456894,0.5408300793409129,665,2025
F1×H5,66,0.7220021606049694,0.7702585671365321,0.18292351067066193,0.5408319766782278,691,2025
F1×H5,67,0.723442563917897,0.7696078431372549,0.1830005794763565,0.5412113912619773,643,2025
F1×H5,68,0.7238026647461289,0.7699862202945694,0.1829034835100174,0.5409889507808754,694,2025
F1×H5,69,0.7212819589485056,0.7694628456221199,0.18303294479846954,0.5413186037797719,616,2025
F1×H5,70,0.7241627655743608,0.7697751479624109,0.18285633623600006,0.5409827933048398,590,2025
F1×H5,71,0.7236226143320129,0.7694691283771573,0.18303035199642181,0.5412717143946195,631,2025
F1×H5,72,0.7223622614332013,0.7693523679633143,0.1831226795911789,0.5415264971404259,675,2025
F1×H5,73,0.7225423118473172,0.769924804599259,0.1830577254295349,0.5412242323909722,758,2025
F1×H5,74,0.7223622614332013,0.7695469215912172,0.18305887281894684,0.5413319042726578,672,2025
F1×H5,75,0.7212819589485056,0.7696797065600435,0.18293341994285583,0.541115785800293,600,2025
F1×H5,76,0.7236226143320129,0.7698995323936026,0.1829395294189453,0.5409571514622962,702,2025
F1×H5,77,0.723442563917897,0.7694585394641728,0.1830238550901413,0.5412619364690716,643,2025
F1×H5,78,0.7245228664025928,0.7702644969278034,0.18275406956672668,0.5405691842093259,695,2025
F1×H5,79,0.7229024126755491,0.7699417468600342,0.18291616439819336,0.5409998171631376,673,2025
F1×H5,80,0.7216420597767375,0.7697979494217042,0.18304648995399475,0.5412571228131929,678,2025
F1×H5,81,0.7207418077061577,0.7689493539351224,0.18317954242229462,0.5417209488456028,610,2025
F1×H5,82,0.7211019085343896,0.769318554034517,0.18314911425113678,0.541552209502589,727,2025
F1×H5,83,0.7223622614332013,0.7703869047619047,0.18277709186077118,0.5405101618855332,692,2025
F1×H5,84,0.7212819589485056,0.7696174437516943,0.1830274760723114,0.541159133651723,665,2025
F1×H5,85,0.7239827151602448,0.7700498949579831,0.1828337162733078,0.5408835787907329,632,2025
F1×H5,86,0.7230824630896651,0.7699550182976416,0.1830035001039505,0.5410355873982006,751,2025
F1×H5,87,0.723262513503781,0.7699418174527876,0.18283706903457642,0.5409420819467079,619,2025
F1×H5,88,0.7225423118473172,0.7702395776859131,0.18280760943889618,0.5406730305571655,636,2025
F1×H5,89,0.723442563917897,0.7700432592391795,0.18284112215042114,0.54082426923437,654,2025
F1×H5,90,0.7211019085343896,0.7696352331255083,0.1829620748758316,0.5410156123616979,645,2025
F1×H5,91,0.7227223622614332,0.7700455888000362,0.18287034332752228,0.5409139602905828,674,2025
F1×H5,92,0.7216420597767375,0.7698055028462998,0.18301871418952942,0.5412447636902469,716,2025
F1×H5,93,0.7220021606049694,0.7696119375169423,0.18302494287490845,0.5413273265242261,629,2025
F1×H5,94,0.7220021606049694,0.7697559467335321,0.1829589307308197,0.5410631092571031,680,2025
F1×H5,95,0.7223622614332013,0.7694407500903587,0.1830635517835617,0.54121657478014,671,2025
F1×H5,96,0.7230824630896651,0.7702560257974158,0.18280130624771118,0.5406665941943156,703,2025
F1×H5,97,0.7218221101908534,0.7700777085027559,0.18280893564224243,0.5406903573820935,655,2025
F1×H5,98,0.723262513503781,0.7698814606487757,0.18289083242416382,0.5410265400968693,639,2025
F1×H5,99,0.7223622614332013,0.7702901926899793,0.18274357914924622,0.5405040659712402,679,2025
F1×H5,0,0.7148708815672307,0.7774547300746291,0.18079322576522827,0.5324387291539506,695,2026
F1×H5,1,0.7143365983971505,0.7773046014459027,0.18085813522338867,0.5324254838470458,740,2026
F1×H5,2,0.7157613535173643,0.777385740924254,0.18081612884998322,0.5323113097357675,801,2026
F1×H5,3,0.7154051647373108,0.7774285759788153,0.1807796061038971,0.5323857537732241,721,2026
F1×H5,4,0.7134461264470169,0.7771329179980544,0.18092913925647736,0.5325604475010892,767,2026
F1×H5,5,0.7145146927871772,0.7776281296704969,0.180726557970047,0.5321941892882275,696,2026
F1×H5,6,0.7150489759572574,0.7770428545500027,0.1810416281223297,0.5327346692479572,826,2026
F1×H5,7,0.7148708815672307,0.7772209220684828,0.18087169528007507,0.5325229942900231,720,2026
F1×H5,8,0.7143365983971505,0.7770136113877543,0.18085908889770508,0.5326458195127276,650,2026
F1×H5,9,0.7150489759572574,0.7774384609914062,0.18081332743167877,0.5323503555853557,787,2026
F1×H5,10,0.7150489759572574,0.7773394049277337,0.18080031871795654,0.5323815695339588,665,2026
F1×H5,11,0.7138023152270704,0.7774554165338368,0.18083526194095612,0.5322406709746526,799,2026
F1×H5,12,0.7166518254674977,0.7769805926998632,0.18095174431800842,0.5325404396096408,788,2026
F1×H5,13,0.715227070347284,0.7775991610919315,0.18078990280628204,0.5321126092569375,841,2026
F1×H5,14,0.7150489759572574,0.7772422023039218,0.1809624582529068,0.5325628078237089,821,2026
F1×H5,15,0.7141585040071238,0.7775685450112676,0.18078835308551788,0.5322704437571056,776,2026
F1×H5,16,0.7148708815672307,0.7772781727664059,0.18082626163959503,0.5323849761671466,687,2026
F1×H5,17,0.7136242208370437,0.7769949396973045,0.18109409511089325,0.5328607251864665,873,2026
F1×H5,18,0.715227070347284,0.7775626414620813,0.180812805891037,0.5322073731617692,833,2026
F1×H5,19,0.7145146927871772,0.7771734190913093,0.18089990317821503,0.5326661524107487,687,2026
F1×H5,20,0.715227070347284,0.7776618348175955,0.18080459535121918,0.532169191694577,854,2026
F1×H5,21,0.715227070347284,0.7778015979122854,0.18069198727607727,0.5320948469484941,744,2026
F1×H5,22,0.7150489759572574,0.7773888986366096,0.18081484735012054,0.532380412098903,722,2026
F1×H5,23,0.7141585040071238,0.777412444187434,0.1807745099067688,0.5324365676185114,682,2026
F1×H5,24,0.7157613535173643,0.7770574074852061,0.18087467551231384,0.5327274782507494,657,2026
F1×H5,25,0.7143365983971505,0.7770992814968765,0.1809421330690384,0.5327317938562146,726,2026
F1×H5,26,0.7161175422974176,0.7773360412776158,0.180878683924675,0.5324189790577398,810,2026
F1×H5,27,0.7157613535173643,0.777348328897434,0.18085895478725433,0.5324286364886556,780,2026
F1×H5,28,0.7157613535173643,0.7774059228249608,0.1808634251356125,0.5324763080988029,744,2026
F1×H5,29,0.7138023152270704,0.7772574416983331,0.1808425486087799,0.5326455097195995,674,2026
F1×H5,30,0.7155832591273374,0.7773292453314596,0.18084099888801575,0.5324848472070539,713,2026
F1×H5,31,0.7154051647373108,0.7773719430941791,0.18076543509960175,0.5323872562233126,638,2026
F1×H5,32,0.7162956366874443,0.7776123411087195,0.18077872693538666,0.5321875336492713,836,2026
F1×H5,33,0.7138023152270704,0.7772636884771232,0.18086153268814087,0.5325393613382089,702,2026
F1×H5,34,0.714692787177204,0.7775523445739656,0.18068988621234894,0.5322103952604504,669,2026
F1×H5,35,0.7145146927871772,0.7772708962988042,0.18078859150409698,0.5326327874027262,612,2026
F1×H5,36,0.7162956366874443,0.77757499772782,0.18077602982521057,0.5322518147017619,729,2026
F1×H5,37,0.7143365983971505,0.7773843680058389,0.18086281418800354,0.5323510970995855,819,2026
F1×H5,38,0.715227070347284,0.7775312016303679,0.18088224530220032,0.532306646143538,861,2026
F1×H5,39,0.7161175422974176,0.777167790125806,0.18089549243450165,0.5324221414015143,784,2026
F1×H5,40,0.7154051647373108,0.7775715654317813,0.180807963013649,0.5323389057093322,791,2026
F1×H5,41,0.7157613535173643,0.77754561727373,0.18076461553573608,0.5322691838600345,738,2026
F1×H5,42,0.7157613535173643,0.7772128218498319,0.18092544376850128,0.5325852735773963,825,2026
F1×H5,43,0.7138023152270704,0.7773032285274873,0.1808370053768158,0.5324989020327284,699,2026
F1×H5,44,0.7141585040071238,0.7773926055163314,0.1808089166879654,0.5323481149585407,704,2026
F1×H5,45,0.7150489759572574,0.777275770159179,0.18088282644748688,0.5324964599086728,740,2026
F1×H5,46,0.715227070347284,0.7773578706804211,0.18076685070991516,0.5323236003163128,679,2026
F1×H5,47,0.7139804096170971,0.7772202356092751,0.18095186352729797,0.5326721921631611,786,2026
F1×H5,48,0.7148708815672307,0.7775081366009889,0.18079417943954468,0.5322161534692904,764,2026
F1×H5,49,0.7148708815672307,0.7771021646255488,0.18088950216770172,0.5326246815918819,680,2026
F1×H5,50,0.7150489759572574,0.7774716169711386,0.18077686429023743,0.532293678855425,733,2026
F1×H5,51,0.7155832591273374,0.7777446904439662,0.18071986734867096,0.5321360385297087,687,2026
F1×H5,52,0.7148708815672307,0.7775514521769955,0.18070071935653687,0.5321494200133005,670,2026
F1×H5,53,0.716473731077471,0.777152207501791,0.18081942200660706,0.5325410101544442,669,2026
F1×H5,54,0.7157613535173643,0.7775843335730448,0.1807393729686737,0.5322252799171173,707,2026
F1×H5,55,0.714692787177204,0.7773241655333225,0.18089166283607483,0.5325585517688255,727,2026
F1×H5,56,0.715227070347284,0.7771889330694035,0.18083378672599792,0.5324782903607185,672,2026
F1×H5,57,0.717720391807658,0.7775071069121775,0.18085993826389313,0.5322972879795491,880,2026
F1×H5,58,0.7157613535173643,0.7772972563323802,0.18069356679916382,0.5325160854322918,591,2026
F1×H5,59,0.715227070347284,0.7771691630442215,0.18095926940441132,0.5325617755140791,872,2026
F1×H5,60,0.7141585040071238,0.7771763022199816,0.18091806769371033,0.5325360379229246,743,2026
F1×H5,61,0.7157613535173643,0.7770817081411591,0.1808757334947586,0.5326225289728977,717,2026
F1×H5,62,0.7148708815672307,0.7776730241026811,0.18072077631950378,0.5320920758096005,790,2026
F1×H5,63,0.7139804096170971,0.7772401429262987,0.18088138103485107,0.5325480905693876,711,2026
F1×H5,64,0.7145146927871772,0.7774642718576164,0.18079519271850586,0.532291390461256,734,2026
F1×H5,65,0.714692787177204,0.7774574759114599,0.18086867034435272,0.5323388918110119,806,2026
F1×H5,66,0.714692787177204,0.7775259845403895,0.18075549602508545,0.5323199209331235,690,2026
F1×H5,67,0.7143365983971505,0.7771297602856988,0.18096178770065308,0.5327144160685335,734,2026
F1×H5,68,0.7138023152270704,0.7773931546836975,0.18082721531391144,0.5323921175488436,711,2026
F1×H5,69,0.7136242208370437,0.7774212308652928,0.18077106773853302,0.5322637845730224,704,2026
F1×H5,70,0.7173642030276046,0.7772199610255921,0.18089285492897034,0.5325819139624746,735,2026
F1×H5,71,0.7139804096170971,0.7773632250622413,0.18083146214485168,0.5323815101388997,697,2026
F1×H5,72,0.7141585040071238,0.7771664172073905,0.180983766913414,0.5326149615974531,806,2026
F1×H5,73,0.7132680320569902,0.7772747404703673,0.18091131746768951,0.5324544330338378,784,2026
F1×H5,74,0.7139804096170971,0.777407089805614,0.18083597719669342,0.5324024516741824,686,2026
F1×H5,75,0.714692787177204,0.7771760276362984,0.18093577027320862,0.5325649836087063,778,2026
F1×H5,76,0.7134461264470169,0.7773466813953354,0.18078888952732086,0.5324102529116866,710,2026
F1×H5,77,0.7145146927871772,0.7773398168032584,0.18083049356937408,0.5324549146567694,691,2026
F1×H5,78,0.7132680320569902,0.7773215569883333,0.18079671263694763,0.5323723540129722,713,2026
F1×H5,79,0.715227070347284,0.7774117577282265,0.1808798611164093,0.5324274275881987,793,2026
F1×H5,80,0.7150489759572574,0.7774543181991045,0.1807907521724701,0.5322905097991648,713,2026
F1×H5,81,0.7138023152270704,0.7772759760969412,0.18091894686222076,0.5326104917644306,761,2026
F1×H5,82,0.7161175422974176,0.777568407719426,0.18082480132579803,0.5322464959951593,808,2026
F1×H5,83,0.7139804096170971,0.7773127703104745,0.180891752243042,0.532490284116095,803,2026
F1×H5,84,0.7134461264470169,0.7774679100914171,0.18077276647090912,0.5323463134771143,707,2026
F1×H5,85,0.7154051647373108,0.7774460120426911,0.18087399005889893,0.5324073479706992,752,2026
F1×H5,86,0.7154051647373108,0.7771421165514376,0.18090300261974335,0.5325867917740615,723,2026
F1×H5,87,0.7143365983971505,0.7772489982500782,0.18090113997459412,0.5325557371763204,739,2026
F1×H5,88,0.7155832591273374,0.7772880577789969,0.18084172904491425,0.532471521812971,696,2026
F1×H5,89,0.715227070347284,0.7772803694358705,0.1808084398508072,0.5325022375894269,679,2026
F1×H5,90,0.7155832591273374,0.777207055592487,0.18087302148342133,0.5325720596378245,715,2026
F1×H5,91,0.7150489759572574,0.777227443430956,0.1809089034795761,0.5327360974631156,656,2026
F1×H5,92,0.7145146927871772,0.7773613029764597,0.18085871636867523,0.5324302112934644,746,2026
F1×H5,93,0.7132680320569902,0.777271857341695,0.18079036474227905,0.5324796748454639,663,2026
F1×H5,94,0.7136242208370437,0.7773552621354318,0.1808231621980667,0.5324802487407245,700,2026
F1×H5,95,0.714692787177204,0.7773332954407851,0.18081551790237427,0.5323778138037821,711,2026
F1×H5,96,0.7143365983971505,0.7774777951040082,0.18078817427158356,0.5322641116774848,792,2026
F1×H5,97,0.715227070347284,0.7771844710845535,0.1809275895357132,0.5326275371074987,711,2026
F1×H5,98,0.7139804096170971,0.7774959862730124,0.18080858886241913,0.5321589556678846,809,2026
F1×H5,99,0.7141585040071238,0.7772669834813202,0.18079707026481628,0.5324776210519163,647,2026
F8×H4,0,0.7175009002520706,0.7665924030902684,0.18435415625572205,0.5442709794031063,526,2025
F8×H4,1,0.7200216060496939,0.7675547235023041,0.1839742660522461,0.5432747550186324,531,2025
F8×H4,2,0.7171407994238387,0.767197594763712,0.18426233530044556,0.544008413891022,575,2025
F8×H4,3,0.7187612531508822,0.7670656569079244,0.18399065732955933,0.5434665303687035,474,2025
F8×H4,4,0.7176809506661865,0.7669160002710762,0.18432839214801788,0.5441440358154147,551,2025
F8×H4,5,0.716060496939143,0.7668147702629439,0.18424560129642487,0.5440111741252666,504,2025
F8×H4,6,0.715880446525027,0.7665089624559501,0.1843741238117218,0.5442191099556885,510,2025
F8×H4,7,0.7180410514944184,0.7672265377925364,0.18405508995056152,0.5436434586406671,513,2025
F8×H4,8,0.7185812027367663,0.7665787786888949,0.18413858115673065,0.544050920439325,465,2025
F8×H4,9,0.7175009002520706,0.7665078329718984,0.1844017505645752,0.5444047271895327,522,2025
F8×H4,10,0.7162405473532589,0.7664499469142496,0.18429332971572876,0.5441106337994385,465,2025
F8×H4,11,0.7178610010803025,0.766889316210355,0.18416038155555725,0.5438835219604254,496,2025
F8×H4,12,0.7164205977673749,0.7673360271527967,0.1840837597846985,0.5437089197630917,498,2025
F8×H4,13,0.7164205977673749,0.7665279519065691,0.18429651856422424,0.544218383228935,465,2025
F8×H4,14,0.7178610010803025,0.7666630664362519,0.18430687487125397,0.5442104567712217,512,2025
F8×H4,15,0.7175009002520706,0.7668696208322039,0.1842343956232071,0.544067048891245,520,2025
F8×H4,16,0.7185812027367663,0.7667444598807265,0.18429914116859436,0.5442588774512026,463,2025
F8×H4,17,0.7162405473532589,0.7674453753275504,0.18413113057613373,0.5436788400160695,578,2025
F8×H4,18,0.7155203456967951,0.7662116257793441,0.18439391255378723,0.5444056922513085,465,2025
F8×H4,19,0.7175009002520706,0.7675763954775459,0.18394775688648224,0.5433830221675385,475,2025
F8×H4,20,0.7173208498379546,0.76621896742568,0.18443967401981354,0.5445569228501234,501,2025
F8×H4,21,0.7167806985956068,0.7670593035601337,0.18407149612903595,0.5437646209597329,450,2025
F8×H4,22,0.7182211019085344,0.7660331672991778,0.18453224003314972,0.5447626119224735,505,2025
F8×H4,23,0.7184011523226503,0.7670420789283455,0.18421275913715363,0.5438643784480666,517,2025
F8×H4,24,0.7187612531508822,0.7670637509035874,0.18422278761863708,0.5439835865814214,519,2025
F8×H4,25,0.7187612531508822,0.7674206678639197,0.18412862718105316,0.5436603103502693,570,2025
F8×H4,26,0.719841555635578,0.7674722711665312,0.1841506063938141,0.5437035167164429,561,2025
F8×H4,27,0.7189413035649982,0.7666627134724857,0.18426276743412018,0.5441829679679695,508,2025
F8×H4,28,0.7166006481814908,0.7668423014367036,0.18418654799461365,0.5439561550956343,463,2025
F8×H4,29,0.7187612531508822,0.7670693277310925,0.18411880731582642,0.5437306765985427,483,2025
F8×H4,30,0.7173208498379546,0.7668074992093612,0.18426653742790222,0.5440725023718023,506,2025
F8×H4,31,0.719841555635578,0.7674570937245866,0.18393398821353912,0.5432778861144312,479,2025
F8×H4,32,0.7184011523226503,0.7663204092120719,0.18439312279224396,0.5443573089842214,537,2025
F8×H4,33,0.7173208498379546,0.7670341019472304,0.18417532742023468,0.5439125141756735,507,2025
F8×H4,34,0.7180410514944184,0.7667454481792717,0.1841878741979599,0.5439785242676826,493,2025
F8×H4,35,0.7189413035649982,0.7669431078883165,0.1841769814491272,0.5438694889797687,523,2025
F8×H4,36,0.7178610010803025,0.7671498034697751,0.18413324654102325,0.5438511112809253,486,2025
F8×H4,37,0.7176809506661865,0.765959397872052,0.18442590534687042,0.5445693727105065,464,2025
F8×H4,38,0.7182211019085344,0.7669150119725309,0.18411554396152496,0.5437015068192207,506,2025
F8×H4,39,0.7164205977673749,0.7663882488479263,0.18438182771205902,0.5444002333710337,453,2025
F8×H4,40,0.7187612531508822,0.7669063290638837,0.1841270625591278,0.5438439289026904,473,2025
F8×H4,41,0.7176809506661865,0.7662223558778349,0.18448568880558014,0.5445573526303401,533,2025
F8×H4,42,0.7189413035649982,0.7670735632962863,0.1841425895690918,0.5439209206953448,486,2025
F8×H4,43,0.7175009002520706,0.7670738456672992,0.18417863547801971,0.5437024755176681,475,2025
F8×H4,44,0.7180410514944184,0.7666910211665312,0.1843915581703186,0.5441936562065236,550,2025
F8×H4,45,0.7182211019085344,0.7671337083220384,0.18423372507095337,0.5440125956923759,568,2025
F8×H4,46,0.7175009002520706,0.7666125220249389,0.18437090516090393,0.5442460379111427,519,2025
F8×H4,47,0.719661505221462,0.7663749774103189,0.18440496921539307,0.5446251667755296,490,2025
F8×H4,48,0.7189413035649982,0.7669799573055028,0.18416929244995117,0.543840911934451,508,2025
F8×H4,49,0.7193014043932301,0.7667337297822354,0.18420517444610596,0.5440495794506726,501,2025
F8×H4,50,0.7178610010803025,0.7673261441673443,0.18410839140415192,0.5437332706385689,491,2025
F8×H4,51,0.7164205977673749,0.7666267111683384,0.1843382567167282,0.5442400813547981,530,2025
F8×H4,52,0.7175009002520706,0.7673528282280655,0.18402910232543945,0.543446783257037,523,2025
F8×H4,53,0.719661505221462,0.7671162719119906,0.1840890347957611,0.5437662418406629,520,2025
F8×H4,54,0.7184011523226503,0.7669997938691606,0.18417277932167053,0.5438805863062077,510,2025
F8×H4,55,0.7209218581202737,0.7680963111050872,0.1836554855108261,0.5426887686376587,463,2025
F8×H4,56,0.7207418077061577,0.7675919964760097,0.18392908573150635,0.5432602932371221,527,2025
F8×H4,57,0.7175009002520706,0.7668603025887775,0.18415115773677826,0.5438722396509915,492,2025
F8×H4,58,0.7167806985956068,0.7669609678548839,0.18425734341144562,0.5438443383107388,548,2025
F8×H4,59,0.7189413035649982,0.7670893054802566,0.1840655356645584,0.543545353352516,490,2025
F8×H4,60,0.7191213539791141,0.7668247238411494,0.18429383635520935,0.5440797246781603,555,2025
F8×H4,61,0.719481454807346,0.7667280117692239,0.18425938487052917,0.5439151345153854,493,2025
F8×H4,62,0.7180410514944184,0.7671825585072739,0.1840309351682663,0.5437478226487102,474,2025
F8×H4,63,0.7157003961109111,0.7665759549787657,0.184304878115654,0.5441380590962798,526,2025
F8×H4,64,0.7185812027367663,0.7665157393602603,0.18440498411655426,0.5444554678780125,565,2025
F8×H4,65,0.7184011523226503,0.7668171704165537,0.18428489565849304,0.5441033897393632,503,2025
F8×H4,66,0.7184011523226503,0.7671289080148188,0.18419629335403442,0.543876387318145,508,2025
F8×H4,67,0.7189413035649982,0.7669755805548026,0.1840243935585022,0.5436708553552474,439,2025
F8×H4,68,0.7184011523226503,0.7668411013598988,0.18430083990097046,0.5441157966300626,532,2025
F8×H4,69,0.7182211019085344,0.766493361457486,0.18446354568004608,0.5444724927430332,521,2025
F8×H4,70,0.7169607490097227,0.7665015502168611,0.1843249797821045,0.5442720150739032,468,2025
F8×H4,71,0.7176809506661865,0.7663730714059818,0.18431803584098816,0.5443070147493679,462,2025
F8×H4,72,0.7169607490097227,0.7662090844402277,0.18448229134082794,0.544463168122851,508,2025
F8×H4,73,0.7185812027367663,0.7669258832565284,0.18405534327030182,0.543675110525056,451,2025
F8×H4,74,0.7171407994238387,0.7672239258606669,0.18405744433403015,0.5436881912328841,488,2025
F8×H4,75,0.7164205977673749,0.766425874785398,0.18429072201251984,0.5442114032701876,445,2025
F8×H4,76,0.7175009002520706,0.7668776684060722,0.18412448465824127,0.5438606752209452,463,2025
F8×H4,77,0.7187612531508822,0.7671217781467425,0.1842198222875595,0.5438563367465796,563,2025
F8×H4,78,0.7191213539791141,0.7675293101111413,0.1840437948703766,0.5435812457131057,537,2025
F8×H4,79,0.7182211019085344,0.7668498548612994,0.1841852366924286,0.5439059755106835,482,2025
F8×H4,80,0.7203817068779258,0.7675895257296466,0.1838824599981308,0.543162309859309,471,2025
F8×H4,81,0.7153402952826792,0.7666480301798138,0.1841578334569931,0.5439699704335226,464,2025
F8×H4,82,0.7176809506661865,0.7669510142766784,0.18419888615608215,0.5439610345507006,513,2025
F8×H4,83,0.7175009002520706,0.7664049793304418,0.18426549434661865,0.5441815276244074,481,2025
F8×H4,84,0.7178610010803025,0.7671867940724676,0.18395733833312988,0.543602481665311,441,2025
F8×H4,85,0.715880446525027,0.7662314623430017,0.18441812694072723,0.5445128762079295,540,2025
F8×H4,86,0.7180410514944184,0.7666604545043824,0.18425318598747253,0.544070174385017,488,2025
F8×H4,87,0.7185812027367663,0.7671668869160567,0.18400275707244873,0.5434751374324654,470,2025
F8×H4,88,0.719661505221462,0.7670472321993314,0.18410734832286835,0.5437134666149513,522,2025
F8×H4,89,0.715880446525027,0.7669103528508178,0.18416689336299896,0.5438606205437435,456,2025
F8×H4,90,0.7173208498379546,0.7672813883617963,0.18414181470870972,0.5437185521302859,530,2025
F8×H4,91,0.7187612531508822,0.7667340121532484,0.18440048396587372,0.5442587101285825,534,2025
F8×H4,92,0.7187612531508822,0.7670135594560406,0.18413396179676056,0.5437292830738737,514,2025
F8×H4,93,0.7173208498379546,0.766766061263215,0.18419325351715088,0.5438542545404331,532,2025
F8×H4,94,0.7178610010803025,0.7670947411222553,0.1840989589691162,0.5437334206563368,473,2025
F8×H4,95,0.7173208498379546,0.7672246317881992,0.18422338366508484,0.5438120706022758,565,2025
F8×H4,96,0.7169607490097227,0.7671578510436432,0.18423675000667572,0.5438867748619197,547,2025
F8×H4,97,0.7178610010803025,0.7674894957983194,0.18418946862220764,0.5437580690830398,558,2025
F8×H4,98,0.719661505221462,0.7672787058371736,0.18415547907352448,0.5438232830032005,548,2025
F8×H4,99,0.7184011523226503,0.766657277830487,0.18433551490306854,0.5443202635726682,508,2025
F8×H4,0,0.7139804096170971,0.7773494272321662,0.18082593381404877,0.5327788121099566,501,2026
F8×H4,1,0.7148708815672307,0.7773428372237723,0.18075139820575714,0.5327576187582267,480,2026
F8×H4,2,0.7139804096170971,0.7770866506474546,0.1809820830821991,0.533038553991171,554,2026
F8×H4,3,0.7143365983971505,0.7773005513365773,0.18079599738121033,0.5328436379053816,483,2026
F8×H4,4,0.7129118432769368,0.7767469906314793,0.1810903251171112,0.5333470037857048,546,2026
F8×H4,5,0.7139804096170971,0.7768464585706766,0.18100252747535706,0.5331415098898084,548,2026
F8×H4,6,0.7141585040071238,0.7771613374092534,0.18091237545013428,0.5329102558381348,531,2026
F8×H4,7,0.7148708815672307,0.7768543528515653,0.18099817633628845,0.533054413660375,523,2026
F8×H4,8,0.714692787177204,0.7769402975443707,0.18101540207862854,0.5329227568741444,579,2026
F8×H4,9,0.7134461264470169,0.777263139309757,0.1808876097202301,0.5328086854797571,536,2026
F8×H4,10,0.7148708815672307,0.7772074674680116,0.1809259057044983,0.5329489805057662,534,2026
F8×H4,11,0.7138023152270704,0.7769499766191994,0.1810065358877182,0.5331158300997598,525,2026
F8×H4,12,0.7154051647373108,0.7771194633975831,0.18088097870349884,0.5329067395211013,490,2026
F8×H4,13,0.7145146927871772,0.7771868736917803,0.18091124296188354,0.5329614373247463,520,2026
F8×H4,14,0.7143365983971505,0.7772785159960098,0.18081723153591156,0.532690843856582,512,2026
F8×H4,15,0.714692787177204,0.7773565664079264,0.18081620335578918,0.5326071176294609,530,2026
F8×H4,16,0.7136242208370437,0.7770595355087501,0.1808970421552658,0.5329311894937794,503,2026
F8×H4,17,0.714692787177204,0.7771411555085468,0.1808643490076065,0.5328040803303828,558,2026
F8×H4,18,0.7155832591273374,0.7769783273844778,0.180934876203537,0.5330087184473702,512,2026
F8×H4,19,0.7154051647373108,0.7770836988728616,0.18088498711585999,0.5328935706494087,489,2026
F8×H4,20,0.7138023152270704,0.776884419764863,0.1810130476951599,0.5332078136929093,504,2026
F8×H4,21,0.715939447907391,0.7773146237503354,0.1807667464017868,0.532961958537902,428,2026
F8×H4,22,0.715227070347284,0.7772459091836434,0.1808784008026123,0.5328124400038723,536,2026
F8×H4,23,0.7157613535173643,0.7771767140955061,0.18081629276275635,0.5327945167192986,487,2026
F8×H4,24,0.715227070347284,0.7771035375439643,0.18086828291416168,0.532920015907025,490,2026
F8×H4,25,0.7150489759572574,0.7769775036334287,0.18096503615379333,0.5330165634881949,519,2026
F8×H4,26,0.7145146927871772,0.7772868221524231,0.18086320161819458,0.5327706819106865,597,2026
F8×H4,27,0.7138023152270704,0.7771465098903669,0.18096396327018738,0.5329831612961936,556,2026
F8×H4,28,0.7141585040071238,0.7771973765176584,0.18083539605140686,0.5327789106928829,500,2026
F8×H4,29,0.715939447907391,0.7771395080064483,0.18082472681999207,0.5328282011334836,482,2026
F8×H4,30,0.715939447907391,0.7771738309668338,0.18083715438842773,0.5328689008276598,471,2026
F8×H4,31,0.7150489759572574,0.7773089261389113,0.18083930015563965,0.5328479145929566,493,2026
F8×H4,32,0.714692787177204,0.7768391134571541,0.18101944029331207,0.5332028301548918,524,2026
F8×H4,33,0.7143365983971505,0.7769028855175504,0.18100205063819885,0.5329954002946741,564,2026
F8×H4,34,0.7161175422974176,0.77706042790572,0.18085172772407532,0.5328861587206197,480,2026
F8×H4,35,0.7132680320569902,0.7769040524982035,0.18103742599487305,0.5331063820287676,573,2026
F8×H4,36,0.7154051647373108,0.7772706217151211,0.18082304298877716,0.5327866897481393,487,2026
F8×H4,37,0.7109528049866429,0.7770068154415978,0.1810392588376999,0.5330400606078216,581,2026
F8×H4,38,0.7150489759572574,0.7772368479221018,0.18091650307178497,0.5327248850482396,568,2026
F8×H4,39,0.7155832591273374,0.777223256029789,0.18085108697414398,0.5327392409998718,532,2026
F8×H4,40,0.7136242208370437,0.7771664858533114,0.18087312579154968,0.5327831038339054,524,2026
F8×H4,41,0.7138023152270704,0.776944416299617,0.1809622049331665,0.5330062328138719,542,2026
F8×H4,42,0.7155832591273374,0.7770896024220477,0.18086567521095276,0.5329729433111289,482,2026
F8×H4,43,0.715939447907391,0.7773591749529157,0.18078452348709106,0.5326795519216004,488,2026
F8×H4,44,0.7139804096170971,0.7768329353242847,0.18104688823223114,0.5332574659894352,501,2026
F8×H4,45,0.7155832591273374,0.7772038978801317,0.18080933392047882,0.5328248401486989,486,2026
F8×H4,46,0.714692787177204,0.7771838532712665,0.18078356981277466,0.5327950501350737,483,2026
F8×H4,47,0.7138023152270704,0.7768054083100555,0.18103250861167908,0.5332532761355728,512,2026
F8×H4,48,0.7155832591273374,0.7776954026728524,0.18059271574020386,0.5322700258170523,462,2026
F8×H4,49,0.7155832591273374,0.7772286104116092,0.18076980113983154,0.5325387886330744,516,2026
F8×H4,50,0.7145146927871772,0.777415190024265,0.18070140480995178,0.5326725209888324,458,2026
F8×H4,51,0.7132680320569902,0.7770793741798528,0.1809735745191574,0.5328643603686172,585,2026
F8×H4,52,0.7130899376669635,0.7773879375937188,0.1808084398508072,0.5327165081646492,517,2026
F8×H4,53,0.7129118432769368,0.7770974967029365,0.1809202879667282,0.5328619893888107,543,2026
F8×H4,54,0.715227070347284,0.7773988522951214,0.18075428903102875,0.5326923388613641,492,2026
F8×H4,55,0.7141585040071238,0.777043952884735,0.1809648871421814,0.53296863594135,536,2026
F8×H4,56,0.7136242208370437,0.7768577165016832,0.18111930787563324,0.5332255872068521,582,2026
F8×H4,57,0.7136242208370437,0.7770033144996384,0.18098412454128265,0.5332274488258496,506,2026
F8×H4,58,0.7138023152270704,0.777037362876341,0.1809566766023636,0.5328966259821533,551,2026
F8×H4,59,0.7127337488869101,0.7772863416309777,0.18082638084888458,0.5327462672270129,521,2026
F8×H4,60,0.7154051647373108,0.7770732646929042,0.18092110753059387,0.5328283380350137,552,2026
F8×H4,61,0.7145146927871772,0.7773181246922947,0.18080200254917145,0.5327446955011951,510,2026
F8×H4,62,0.7173642030276046,0.7771141090157629,0.18082134425640106,0.53297495054832,452,2026
F8×H4,63,0.7130899376669635,0.7770982518080649,0.18092773854732513,0.5328291732500517,563,2026
F8×H4,64,0.7150489759572574,0.7774517783000359,0.18073810636997223,0.5324756809985813,529,2026
F8×H4,65,0.7150489759572574,0.7772573044064915,0.1808372586965561,0.5327769109469004,515,2026
F8×H4,66,0.7134461264470169,0.7770622126996601,0.18093036115169525,0.5329469317406261,507,2026
F8×H4,67,0.7157613535173643,0.7773885554070058,0.18072573840618134,0.5326622563851763,463,2026
F8×H4,68,0.7150489759572574,0.7768705532888672,0.18093767762184143,0.5330232657131964,512,2026
F8×H4,69,0.7139804096170971,0.7771487065598317,0.180875763297081,0.5328961107112667,503,2026
F8×H4,70,0.7154051647373108,0.7772753582836543,0.18074043095111847,0.5328099625471876,445,2026
F8×H4,71,0.715227070347284,0.7771029883765981,0.18094927072525024,0.5329659505554043,548,2026
F8×H4,72,0.716473731077471,0.7768843511189424,0.18089953064918518,0.5330478482942952,484,2026
F8×H4,73,0.7143365983971505,0.7768998650970365,0.18109330534934998,0.5332011894464658,611,2026
F8×H4,74,0.7154051647373108,0.7772932748689756,0.18081611394882202,0.5326972210471425,527,2026
F8×H4,75,0.714692787177204,0.7770946822201847,0.18090352416038513,0.5329476102239938,500,2026
F8×H4,76,0.714692787177204,0.7769698152903022,0.18093882501125336,0.5329951385494855,512,2026
F8×H4,77,0.7120213713268032,0.7771378605043497,0.18091757595539093,0.5328406373626174,516,2026
F8×H4,78,0.7154051647373108,0.7771966900584506,0.18081489205360413,0.5327387721454189,494,2026
F8×H4,79,0.7148708815672307,0.7772836644400676,0.18085895478725433,0.5328953400601038,511,2026
F8×H4,80,0.7130899376669635,0.7771907178633436,0.18082748353481293,0.5328059286586411,493,2026
F8×H4,81,0.7155832591273374,0.7772183135234936,0.18084566295146942,0.5328619251294953,497,2026
F8×H4,82,0.7138023152270704,0.7771145895372084,0.18092232942581177,0.5328971316078693,544,2026
F8×H4,83,0.716473731077471,0.7772783100582474,0.18080030381679535,0.5328899166934038,462,2026
F8×H4,84,0.7161175422974176,0.7769876632297027,0.1808694452047348,0.5329565547126724,455,2026
F8×H4,85,0.7145146927871772,0.7770037263751631,0.18095910549163818,0.5330801245189205,491,2026
F8×H4,86,0.7143365983971505,0.7772854492340076,0.18084652721881866,0.5326354889653309,571,2026
F8×H4,87,0.714692787177204,0.7769140748026361,0.18095663189888,0.5330183037260138,490,2026
F8×H4,88,0.714692787177204,0.77712186600481,0.18096117675304413,0.5329198466369655,551,2026
F8×H4,89,0.7148708815672307,0.7772302579137078,0.18081006407737732,0.5328884881602647,457,2026
F8×H4,90,0.7139804096170971,0.7767631910687813,0.181085005402565,0.5333344096158638,561,2026
F8×H4,91,0.7127337488869101,0.7772341020852709,0.1809222400188446,0.5329437622262301,526,2026
F8×H4,92,0.7136242208370437,0.7775498733208178,0.18082624673843384,0.5326235188019007,583,2026
F8×H4,93,0.7134461264470169,0.7772021817321124,0.18093490600585938,0.5327285464699113,625,2026
F8×H4,94,0.7120213713268032,0.7769073475024005,0.181048184633255,0.5332020592415976,556,2026
F8×H4,95,0.714692787177204,0.7774436094354642,0.18076740205287933,0.5327663927031633,472,2026
F8×H4,96,0.714692787177204,0.776917713036437,0.18094851076602936,0.5330167031074103,504,2026
F8×H4,97,0.7141585040071238,0.7770586431117801,0.18099255859851837,0.5328382549976698,604,2026
F8×H4,98,0.7148708815672307,0.7770488953910305,0.18093979358673096,0.5330084278373881,518,2026
F8×H4,99,0.7154051647373108,0.777384299359918,0.1808168739080429,0.5325989217169107,541,2026
