config,seed,accuracy,auc,brier,log_loss
F1×H4,0,0.7192228489569343,0.7737892739559131,0.1818266063928604,0.5365318574626565
F1×H4,1,0.7172531112901782,0.7738019598424346,0.18183082342147827,0.5364535501914305
F1×H4,2,0.7180589130629421,0.774010781019742,0.18172919750213623,0.5362843995253035
F1×H4,3,0.7185065807144776,0.7738603079597273,0.18174733221530914,0.536414834715799
F1×H4,4,0.717969379532635,0.7734194342491372,0.18191689252853394,0.5366177667409583
F1×H4,5,0.7205658519115409,0.7746114377345018,0.18150275945663452,0.5357900523243283
F1×H4,6,0.7182379801235562,0.7738229985760483,0.18178808689117432,0.536335267264663
F1×H4,7,0.7166263765780285,0.7735302660889931,0.18192225694656372,0.5368010687151183
F1×H4,8,0.7177007789417137,0.7739705829431104,0.18179821968078613,0.5364178387501572
F1×H4,9,0.7196705166084699,0.7744714231351172,0.1815616637468338,0.5359172366282148
F1×H4,10,0.7181484465932492,0.7737875511812005,0.18183714151382446,0.5365005368348462
F1×H4,11,0.7183275136538634,0.7738537822979364,0.18183882534503937,0.53640202876825
F1×H4,12,0.7181484465932492,0.7737726726723173,0.18177226185798645,0.5364165467891092
F1×H4,13,0.718864714835706,0.7738167687442588,0.1818469911813736,0.5365790102095052
F1×H4,14,0.7182379801235562,0.7737693141317157,0.18186570703983307,0.5365677611992636
F1×H4,15,0.7173426448204853,0.773970443728992,0.18179936707019806,0.5364445408806282
F1×H4,16,0.7185961142447846,0.7737627884699249,0.18188868463039398,0.5365924052632085
F1×H4,17,0.7182379801235562,0.7739716792542912,0.18172211945056915,0.5363295911963641
F1×H4,18,0.7186856477750918,0.7737540875875369,0.18185074627399445,0.536717192996657
F1×H4,19,0.7177007789417137,0.7740255029127422,0.18170490860939026,0.5362203692469228
F1×H4,20,0.7177007789417137,0.7737895349823849,0.1818534880876541,0.536478814546883
F1×H4,21,0.7184170471841704,0.7733535859712262,0.18198524415493011,0.5368324733856105
F1×H4,22,0.7183275136538634,0.773964405316615,0.18178637325763702,0.5362872004483324
F1×H4,23,0.718864714835706,0.7742020090128613,0.1817999929189682,0.5363436789815678
F1×H4,24,0.7185065807144776,0.7735873612792218,0.1819051206111908,0.5365764018029575
F1×H4,25,0.718864714835706,0.7742953868826472,0.18168103694915771,0.5361658401796349
F1×H4,26,0.7193123824872415,0.7738270357854764,0.18176382780075073,0.5363761143938051
F1×H4,27,0.7190437818963201,0.774097563620678,0.1817113310098648,0.5362324861397835
F1×H4,28,0.7177007789417137,0.7737634671387511,0.18180063366889954,0.5364924467482199
F1×H4,29,0.7184170471841704,0.774089036755938,0.18161636590957642,0.5361327423338248
F1×H4,30,0.7185961142447846,0.773870714215063,0.1817975640296936,0.5364304827765177
F1×H4,31,0.7183275136538634,0.7737011514190897,0.18187490105628967,0.5364747478753442
F1×H4,32,0.7185065807144776,0.7738393562349375,0.18175064027309418,0.5363496374148398
F1×H4,33,0.7190437818963201,0.7740159319421156,0.1817246377468109,0.5363055875268508
F1×H4,34,0.7185065807144776,0.7738619263238515,0.18181458115577698,0.5365025811544699
F1×H4,35,0.7181484465932492,0.7743317391692633,0.1816505789756775,0.5361400094372095
F1×H4,36,0.7178798460023279,0.7740907421288861,0.18168160319328308,0.5361577238505919
F1×H4,37,0.718864714835706,0.7738631792509152,0.18179723620414734,0.5365210756324119
F1×H4,38,0.7183275136538634,0.7740209958556654,0.1817159354686737,0.5362051961051758
F1×H4,39,0.7182379801235562,0.7740745236841151,0.18172423541545868,0.5361861595519415
F1×H4,40,0.7176112454114065,0.7740096499050317,0.18174536526203156,0.5363275002976547
F1×H4,41,0.7185961142447846,0.7738568450085369,0.18182110786437988,0.5364947594036524
F1×H4,42,0.7184170471841704,0.7739431055565298,0.18184523284435272,0.536553812657051
F1×H4,43,0.7189542483660131,0.7736570727489129,0.18179167807102203,0.5364571871592285
F1×H4,44,0.7185961142447846,0.7739537206330428,0.1818038821220398,0.5363374670912217
F1×H4,45,0.7180589130629421,0.7740655095699613,0.18177391588687897,0.5363932940616221
F1×H4,46,0.7185961142447846,0.7739699216760489,0.18180732429027557,0.5363626693003769
F1×H4,47,0.7173426448204853,0.7738338746790332,0.18176807463169098,0.536365347819984
F1×H4,48,0.7194019160175485,0.7743257703639455,0.18168218433856964,0.5360226022914529
F1×H4,49,0.7177007789417137,0.7737256008985993,0.1818668395280838,0.5366191317428597
F1×H4,50,0.7199391171993912,0.7739547647389293,0.181793674826622,0.536322430221574
F1×H4,51,0.7184170471841704,0.7739995916849913,0.18176083266735077,0.5362575264098691
F1×H4,52,0.7180589130629421,0.77413153186552,0.181758314371109,0.536307793870411
F1×H4,53,0.7189542483660131,0.7735479114784756,0.18190684914588928,0.5365811873260314
F1×H4,54,0.7184170471841704,0.77397604709725,0.18172667920589447,0.5364219377895182
F1×H4,55,0.7182379801235562,0.7738525293708727,0.1817801296710968,0.5363209269944899
F1×H4,56,0.7186856477750918,0.7741534928926669,0.18168143928050995,0.5361236369286199
F1×H4,57,0.7173426448204853,0.7739789357902026,0.1818189173936844,0.5364885871166869
F1×H4,58,0.7184170471841704,0.7738354930431574,0.18185260891914368,0.5365728114722975
F1×H4,59,0.7176112454114065,0.7736004126028037,0.18184886872768402,0.5365320961065659
F1×H4,60,0.7172531112901782,0.7737962520635884,0.181881383061409,0.5365117448961093
F1×H4,61,0.7183275136538634,0.7743692921776492,0.18157146871089935,0.5358694735973274
F1×H4,62,0.7194914495478557,0.7742951432579402,0.18163767457008362,0.5361416916678549
F1×H4,63,0.7173426448204853,0.7736272983293819,0.1819639801979065,0.5368206272480468
F1×H4,64,0.717163577759871,0.7737190926385731,0.18178674578666687,0.5365539438235934
F1×H4,65,0.7175217118810995,0.7737852541482502,0.18177849054336548,0.5363041368794128
F1×H4,66,0.7185065807144776,0.7740278173474573,0.18183580040931702,0.5363735686256287
F1×H4,67,0.7191333154266273,0.7738440373096622,0.18179666996002197,0.5363377383645823
F1×H4,68,0.7186856477750918,0.7740481426087154,0.18172283470630646,0.5362562958028828
F1×H4,69,0.7186856477750918,0.7739007670628305,0.18179556727409363,0.536317687788504
F1×H4,70,0.7186856477750918,0.7740125908032787,0.18172799050807953,0.5362189338788284
F1×H4,71,0.7194914495478557,0.7742954390879415,0.18162545561790466,0.5361537618494588
F1×H4,72,0.7176112454114065,0.7736622062695218,0.181914821267128,0.5368314754634008
F1×H4,73,0.7185065807144776,0.7739542252842212,0.18185864388942719,0.5365256598440916
F1×H4,74,0.7174321783507924,0.7737531304904743,0.18186832964420319,0.536667633148759
F1×H4,75,0.7181484465932492,0.7741117286572053,0.18174822628498077,0.5362397789386443
F1×H4,76,0.7176112454114065,0.7739059701904984,0.1817711591720581,0.5363691370087735
F1×H4,77,0.7178798460023279,0.7741109455777904,0.1816941350698471,0.5361497074373208
F1×H4,78,0.7185961142447846,0.7739594806171836,0.1817971169948578,0.5363184974099344
F1×H4,79,0.7184170471841704,0.7742604267372131,0.18166521191596985,0.5361947658104878
F1×H4,80,0.7178798460023279,0.7737154034644408,0.18179278075695038,0.5364167372371954
F1×H4,81,0.7178798460023279,0.773683906270197,0.1818697303533554,0.5365808545624512
F1×H4,82,0.717074044229564,0.7738382077184623,0.18177084624767303,0.5363621267147428
F1×H4,83,0.7185065807144776,0.7735465889443527,0.1819118857383728,0.536710899252159
F1×H4,84,0.7185065807144776,0.7738937019463317,0.18185341358184814,0.5364364375528954
F1×H4,85,0.7191333154266273,0.7742824225678894,0.18164822459220886,0.5360462613876107
F1×H4,86,0.7174321783507924,0.7738137408371877,0.18182073533535004,0.5365024036753644
F1×H4,87,0.7184170471841704,0.7742770628243384,0.18163754045963287,0.5360399170244391
F1×H4,88,0.7183275136538634,0.774049012696954,0.18180546164512634,0.5363893651320183
F1×H4,89,0.7190437818963201,0.7739322468553097,0.1817801296710968,0.536324931064896
F1×H4,90,0.7177903124720207,0.7736577688195039,0.18186070024967194,0.5365194355809717
F1×H4,91,0.7189542483660131,0.7744986220934615,0.18160218000411987,0.5359206324895448
F1×H4,92,0.7183275136538634,0.7739656756454436,0.18174585700035095,0.536267135506448
F1×H4,93,0.7173426448204853,0.773856375160888,0.18189889192581177,0.5366085752015683
F1×H4,94,0.7177007789417137,0.7740330030733604,0.18179872632026672,0.5363686129792448
F1×H4,95,0.7190437818963201,0.773771767780549,0.18180841207504272,0.5365581636984872
F1×H4,96,0.717969379532635,0.7741413290590887,0.18172156810760498,0.5362994646139239
F1×H4,97,0.7182379801235562,0.7736905015390468,0.18181340396404266,0.5363106882399442
F1×H4,98,0.7185065807144776,0.7736092004940152,0.18193332850933075,0.53682299278047
F1×H4,99,0.7180589130629421,0.7739910822220161,0.18175525963306427,0.536321450734636
F2×H4,0,0.7185065807144776,0.7732632534102761,0.18197469413280487,0.5368629662608492
F2×H4,1,0.718864714835706,0.7732637058561602,0.18201951682567596,0.5369965492779828
F2×H4,2,0.7194914495478557,0.7733343918246788,0.18196532130241394,0.5368934221891111
F2×H4,3,0.718864714835706,0.7734680547799202,0.18197137117385864,0.5368614856031552
F2×H4,4,0.7200286507296982,0.7733557959953528,0.18189884722232819,0.5368484133958262
F2×H4,5,0.7200286507296982,0.7734650268728492,0.18201491236686707,0.5370156144297331
F2×H4,6,0.7192228489569343,0.7733681338465785,0.18203243613243103,0.5368946509687184
F2×H4,7,0.7186856477750918,0.7729925863609562,0.1820659041404724,0.5372119998369855
F2×H4,8,0.7182379801235562,0.7733940450743295,0.18205827474594116,0.5369663103899177
F2×H4,9,0.7193123824872415,0.7734025371355401,0.18194375932216644,0.5368197783324156
F2×H4,10,0.7192228489569343,0.773296055736878,0.18201766908168793,0.5370418875533577
F2×H4,11,0.7185065807144776,0.7728022632596052,0.182102769613266,0.5373001012441617
F2×H4,12,0.7190437818963201,0.77317144169932,0.18205668032169342,0.5370150755304222
F2×H4,13,0.7203867848509267,0.7735932952810103,0.1819811314344406,0.5369464144533218
F2×H4,14,0.7196705166084699,0.77323269591133,0.18204492330551147,0.5369881439398239
F2×H4,15,0.7182379801235562,0.772992516753897,0.18210828304290771,0.5372053730782096
F2×H4,16,0.7180589130629421,0.7729759154703011,0.18213507533073425,0.5372895166658653
F2×H4,17,0.7193123824872415,0.772846724768607,0.18206541240215302,0.537313683693222
F2×H4,18,0.7194019160175485,0.7732821691285872,0.1820095330476761,0.5370400208609863
F2×H4,19,0.7184170471841704,0.7733424140382403,0.18202267587184906,0.5370720120017536
F2×H4,20,0.7187751813053989,0.7732286064966079,0.1820116490125656,0.5370537084465263
F2×H4,21,0.7201181842600054,0.7732542740996518,0.18206754326820374,0.5370501816239132
F2×H4,22,0.7193123824872415,0.7734534546992735,0.18190932273864746,0.5367086550634363
F2×H4,23,0.7190437818963201,0.7731045145119929,0.1821194440126419,0.5372407072886912
F2×H4,24,0.7190437818963201,0.7733324776305535,0.18196402490139008,0.5368095347267394
F2×H4,25,0.7194914495478557,0.7733160503646053,0.18200542032718658,0.5368907085541342
F2×H4,26,0.7186856477750918,0.7732863107486038,0.18202395737171173,0.5370079172080207
F2×H4,27,0.7185065807144776,0.7733187998434399,0.18191394209861755,0.5367301411636274
F2×H4,28,0.719760050138777,0.7730493857211838,0.1821477860212326,0.5372900818584117
F2×H4,29,0.718864714835706,0.7733968467584583,0.1819722056388855,0.5368916125488304
F2×H4,30,0.7187751813053989,0.7734356178903784,0.18194176256656647,0.5367811622103983
F2×H4,31,0.7200286507296982,0.7736325710641089,0.18188011646270752,0.5367891631549991
F2×H4,32,0.7202077177903125,0.7733600072224285,0.18194538354873657,0.5369798728328353
F2×H4,33,0.7190437818963201,0.7731783850034654,0.18208128213882446,0.5372778187434747
F2×H4,34,0.7191333154266273,0.7729146438565262,0.18209008872509003,0.537265625673866
F2×H4,35,0.7191333154266273,0.7732577022473126,0.1819533407688141,0.5367522625980232
F2×H4,36,0.7187751813053989,0.7731520909368894,0.18209362030029297,0.5370977101681437
F2×H4,37,0.719849583669084,0.773240770330186,0.18199163675308228,0.5370282976788435
F2×H4,38,0.7194914495478557,0.7735609105967629,0.18191324174404144,0.5366476592053687
F2×H4,39,0.7185961142447846,0.7735572562261599,0.18197102844715118,0.5368648849277331
F2×H4,40,0.7192228489569343,0.7731107791473122,0.18206022679805756,0.5371122314354108
F2×H4,41,0.718864714835706,0.7727531554794085,0.18220192193984985,0.5375363090521742
F2×H4,42,0.7190437818963201,0.773104114271403,0.18206578493118286,0.5372095923919551
F2×H4,43,0.7202077177903125,0.773387345394891,0.18199104070663452,0.5369954274614245
F2×H4,44,0.7194914495478557,0.7731337668785807,0.18204350769519806,0.5369607364545375
F2×H4,45,0.7195809830781628,0.7735652436361921,0.1818935126066208,0.5366771704433722
F2×H4,46,0.7194914495478557,0.7729697552455705,0.18212319910526276,0.5370980135505544
F2×H4,47,0.7189542483660131,0.7733038517274975,0.18200813233852386,0.5369383155754884
F2×H4,48,0.718864714835706,0.7733743462766035,0.18200844526290894,0.5368958837218752
F2×H4,49,0.7200286507296982,0.7733860054590032,0.1820223480463028,0.5370719603220043
F2×H4,50,0.7202972513206196,0.7731699103440197,0.18198344111442566,0.537123524516632
F2×H4,51,0.7195809830781628,0.773355935209471,0.18198497593402863,0.5367723731841589
F2×H4,52,0.719849583669084,0.7732140412194906,0.18193772435188293,0.536794863964464
F2×H4,53,0.7182379801235562,0.7734339125174305,0.18197989463806152,0.5369118398964211
F2×H4,54,0.719849583669084,0.773560823587939,0.1819264441728592,0.5367944983954905
F2×H4,55,0.719760050138777,0.773579808913309,0.18186300992965698,0.536634217617861
F2×H4,56,0.7182379801235562,0.772766450427697,0.18224899470806122,0.537448134618375
F2×H4,57,0.7196705166084699,0.7729551725666886,0.18203850090503693,0.5372039267023841
F2×H4,58,0.7195809830781628,0.7731744522046261,0.18211685121059418,0.5372827765857868
F2×H4,59,0.7185065807144776,0.7732104216524172,0.1820504069328308,0.5369307334702638
F2×H4,60,0.7195809830781628,0.7732292503619045,0.1820516735315323,0.5371020970259339
F2×H4,61,0.7185961142447846,0.7733869451543011,0.18202154338359833,0.5369653837401214
F2×H4,62,0.7187751813053989,0.7734756767528919,0.18196600675582886,0.5368928847292709
F2×H4,63,0.719849583669084,0.7730625936606486,0.1820693463087082,0.5370576420739253
F2×H4,64,0.7194019160175485,0.7733986043367008,0.18188196420669556,0.5368218432719172
F2×H4,65,0.7194019160175485,0.7734427526139365,0.18199440836906433,0.5368273195181077
F2×H4,66,0.7200286507296982,0.7731243177203077,0.18191049993038177,0.5369185366741677
F2×H4,67,0.7195809830781628,0.7735914158904146,0.18185490369796753,0.5366482665003997
F2×H4,68,0.719760050138777,0.7735219828489599,0.18196621537208557,0.5370445355293096
F2×H4,69,0.7196705166084699,0.7732906089845033,0.18191967904567719,0.5368032465745002
F2×H4,70,0.7193123824872415,0.7733155631151916,0.18205277621746063,0.536935863201458
F2×H4,71,0.7196705166084699,0.7729969194003854,0.18212002515792847,0.5372248839329148
F2×H4,72,0.7191333154266273,0.773492573866489,0.18192920088768005,0.5367778923589683
F2×H4,73,0.7185961142447846,0.7730055332739492,0.18211297690868378,0.5372763402045572
F2×H4,74,0.7180589130629421,0.7730576863629817,0.1820300668478012,0.5370580051302456
F2×H4,75,0.7187751813053989,0.7730459575735229,0.18212702870368958,0.5372609134328858
F2×H4,76,0.7196705166084699,0.7731131631890863,0.18200591206550598,0.5370027402248273
F2×H4,77,0.719760050138777,0.7735434914302226,0.18185915052890778,0.5365781252205926
F2×H4,78,0.7205658519115409,0.7736341720264683,0.18188616633415222,0.5366263763222298
F2×H4,79,0.7185961142447846,0.7731485931821694,0.1820521056652069,0.5371630595400131
F2×H4,80,0.7193123824872415,0.7733021289527848,0.18194277584552765,0.5368543803305466
F2×H4,81,0.718864714835706,0.773353986211816,0.18197165429592133,0.5369457654165565
F2×H4,82,0.7196705166084699,0.7735955749121959,0.18191702663898468,0.5366575935850301
F2×H4,83,0.7183275136538634,0.772889463502896,0.182088702917099,0.53725383672001
F2×H4,84,0.7192228489569343,0.7734390460380394,0.18199025094509125,0.5369041695296182
F2×H4,85,0.7186856477750918,0.7736205638464136,0.18193934857845306,0.5367633017001447
F2×H4,86,0.719849583669084,0.773240300482537,0.18198229372501373,0.5368370072796445
F2×H4,87,0.7189542483660131,0.7733037995222032,0.18199482560157776,0.53697626136521
F2×H4,88,0.7202972513206196,0.77326567225558,0.18208180367946625,0.5370775664887073
F2×H4,89,0.7190437818963201,0.7729228922930298,0.1821732521057129,0.5373402315242325
F2×H4,90,0.7184170471841704,0.7734433964792331,0.1820092350244522,0.5369119717416596
F2×H4,91,0.7182379801235562,0.7733773393801451,0.1819642037153244,0.5369048973305447
F2×H4,92,0.7187751813053989,0.7732338966330996,0.18205741047859192,0.5370529032002739
F2×H4,93,0.7185961142447846,0.7732243256624729,0.18209043145179749,0.5369703166049975
F2×H4,94,0.7184170471841704,0.7728848520352304,0.18213731050491333,0.5373295397447228
F2×H4,95,0.7194914495478557,0.773210056215357,0.18200312554836273,0.5369297564016042
F2×H4,96,0.7194914495478557,0.7730436257370431,0.182062566280365,0.5371807968726566
F2×H4,97,0.7178798460023279,0.7728322813038433,0.18224520981311798,0.5373203663905132
F2×H4,98,0.7193123824872415,0.7732794196497527,0.18200677633285522,0.5369411598320489
F2×H4,99,0.7195809830781628,0.7730140775404539,0.1820518523454666,0.5371009317187941
F4×H4,0,0.7187751813053989,0.7730998334372683,0.1820572167634964,0.5370813341505255
F4×H4,1,0.7192228489569343,0.7732946809974608,0.18204019963741302,0.5371342265456124
F4×H4,2,0.7182379801235562,0.772689134386799,0.18227383494377136,0.5376187953584132
F4×H4,3,0.7183275136538634,0.77260259541057,0.18231141567230225,0.5378597876370592
F4×H4,4,0.7190437818963201,0.7731407797897852,0.18210995197296143,0.5373928465253153
F4×H4,5,0.7187751813053989,0.7731740867675658,0.18211664259433746,0.5373012827919907
F4×H4,6,0.7193123824872415,0.7728502747286212,0.18231065571308136,0.5376674347040169
F4×H4,7,0.7180589130629421,0.7726211282900559,0.18226519227027893,0.5377650725495683
F4×H4,8,0.719760050138777,0.7729468197195963,0.18216285109519958,0.5374569111698332
F4×H4,9,0.7187751813053989,0.7728765513934324,0.182193785905838,0.5374734337434703
F4×H4,10,0.7190437818963201,0.7728533374392217,0.18224167823791504,0.5375255126734281
F4×H4,11,0.7182379801235562,0.7727548956558861,0.18219341337680817,0.5375218123700409
F4×H4,12,0.7195809830781628,0.7729284086524637,0.18212366104125977,0.5373565200998837
F4×H4,13,0.7178798460023279,0.7726958688697674,0.18219617009162903,0.5375097782738416
F4×H4,14,0.7180589130629421,0.772996780186267,0.18224623799324036,0.5375918211977038
F4×H4,15,0.7172531112901782,0.7726881772897364,0.18237659335136414,0.537828188659393
F4×H4,16,0.7189542483660131,0.7727490138593919,0.18219850957393646,0.5375526783680019
F4×H4,17,0.7172531112901782,0.7727775005483295,0.18212385475635529,0.5373891594237508
F4×H4,18,0.7186856477750918,0.7726452993413293,0.1821907013654709,0.5375462824351855
F4×H4,19,0.7181484465932492,0.7730088744127861,0.18215499818325043,0.5374885394491439
F4×H4,20,0.7180589130629421,0.7728472120180208,0.1822149008512497,0.5374470453263354
F4×H4,21,0.7178798460023279,0.7728769168304925,0.18225151300430298,0.5375826818498027
F4×H4,22,0.7181484465932492,0.7726678346267137,0.1822630912065506,0.5375312876999383
F4×H4,23,0.717074044229564,0.772995161822143,0.18215994536876678,0.537361470657885
F4×H4,24,0.7183275136538634,0.7727660153835777,0.1822458803653717,0.5376683810944412
F4×H4,25,0.7180589130629421,0.7730621238129994,0.18211744725704193,0.5373566886230073
F4×H4,26,0.7182379801235562,0.772918541851836,0.1821874976158142,0.5375174426278438
F4×H4,27,0.7177007789417137,0.773027650916979,0.18217509984970093,0.5373491850453893
F4×H4,28,0.7194914495478557,0.772864178738677,0.18222755193710327,0.5376342355628736
F4×H4,29,0.7201181842600054,0.7728539639027537,0.18219423294067383,0.5375356146117529
F4×H4,30,0.7193123824872415,0.7728039512307887,0.1821380853652954,0.537581415647944
F4×H4,31,0.7182379801235562,0.7729681194796817,0.18210212886333466,0.5372876059074395
F4×H4,32,0.7177007789417137,0.7727598377570823,0.1822413057088852,0.5376801144054498
F4×H4,33,0.7182379801235562,0.7722656972445141,0.18225133419036865,0.5378083491834432
F4×H4,34,0.7187751813053989,0.7729140695982886,0.182129368185997,0.5373297870587631
F4×H4,35,0.7194019160175485,0.7728609768139583,0.18211336433887482,0.5375000374628898
F4×H4,36,0.7184170471841704,0.7728865052028842,0.18223951756954193,0.537653378084735
F4×H4,37,0.7176112454114065,0.7724610842594146,0.1823507696390152,0.5379294558336102
F4×H4,38,0.7196705166084699,0.7731411974321398,0.18208830058574677,0.5372205643609597
F4×H4,39,0.7177903124720207,0.7725539574780221,0.18234172463417053,0.5379347681891777
F4×H4,40,0.7182379801235562,0.7732261702495393,0.1822061836719513,0.5375081916783666
F4×H4,41,0.718864714835706,0.7724705334176878,0.1822763830423355,0.5377514795774506
F4×H4,42,0.7175217118810995,0.7726945115321147,0.18221701681613922,0.5375999080335211
F4×H4,43,0.7177903124720207,0.7730380223687852,0.18214361369609833,0.5373254307801711
F4×H4,44,0.7190437818963201,0.7726390869113043,0.18229417502880096,0.5377335990095736
F4×H4,45,0.7189542483660131,0.7732113091424209,0.1820882260799408,0.5372188337805751
F4×H4,46,0.718864714835706,0.7726905091262163,0.1822538673877716,0.5376294157830144
F4×H4,47,0.7184170471841704,0.7729696160314524,0.18219026923179626,0.5374715581798641
F4×H4,48,0.7185961142447846,0.7726917968568098,0.18227098882198334,0.5376019387492222
F4×H4,49,0.7182379801235562,0.7724587002176404,0.18240037560462952,0.5380555705722684
F4×H4,50,0.7190437818963201,0.7730166878051704,0.18212464451789856,0.5374598645637401
F4×H4,51,0.718864714835706,0.7733640966371507,0.18201863765716553,0.53720550519029
F4×H4,52,0.7182379801235562,0.7725762491386996,0.18235868215560913,0.537862492105931
F4×H4,53,0.7166263765780285,0.7727090594074673,0.1822398453950882,0.5376268616871185
F4×H4,54,0.7202972513206196,0.7730514391294274,0.18205784261226654,0.5374036047166496
F4×H4,55,0.719849583669084,0.7731241611044246,0.18207482993602753,0.5372789393827399
F4×H4,56,0.7186856477750918,0.7728141834684765,0.18224874138832092,0.5376972303609455
F4×H4,57,0.7187751813053989,0.7725849152175579,0.18226490914821625,0.5376527571213213
F4×H4,58,0.718864714835706,0.7731393528450736,0.18205833435058594,0.5372397444568022
F4×H4,59,0.7184170471841704,0.7728604373592503,0.1821785420179367,0.5375751760243166
F4×H4,60,0.7190437818963201,0.7732926275892172,0.18207207322120667,0.5372177788721506
F4×H4,61,0.7191333154266273,0.7728121822655274,0.18229708075523376,0.5376450484997723
F4×H4,62,0.7185065807144776,0.7732227769054079,0.1821311116218567,0.5373568688084448
F4×H4,63,0.7186856477750918,0.7729589661514097,0.18213552236557007,0.5374373572914819
F4×H4,64,0.7187751813053989,0.7732985963945354,0.18220379948616028,0.5374822850105729
F4×H4,65,0.7174321783507924,0.7729754108191227,0.18215136229991913,0.5374069792939997
F4×H4,66,0.7192228489569343,0.7731852761023165,0.18204519152641296,0.5372280692437055
F4×H4,67,0.7187751813053989,0.7725238002196659,0.18229836225509644,0.5378551488034728
F4×H4,68,0.7205658519115409,0.772909545139447,0.18209528923034668,0.537480232168442
F4×H4,69,0.7181484465932492,0.7728546077680504,0.18223804235458374,0.537641967533072
F4×H4,70,0.7192228489569343,0.7728274262114708,0.18214328587055206,0.5374275196140815
F4×H4,71,0.7175217118810995,0.7728029419284315,0.18231290578842163,0.5376556267223832
F4×H4,72,0.718864714835706,0.7728572876398258,0.1822458952665329,0.5376463572046332
F4×H4,73,0.7180589130629421,0.772666651306709,0.1821560561656952,0.5375924302283538
F4×H4,74,0.7181484465932492,0.7728016541978382,0.1821841448545456,0.5374698845721595
F4×H4,75,0.7190437818963201,0.7727121395198323,0.18231473863124847,0.5378456676043794
F4×H4,76,0.7175217118810995,0.7726232861088881,0.1822507083415985,0.53767568875708
F4×H4,77,0.7191333154266273,0.7730080391280769,0.1821029633283615,0.537427700578043
F4×H4,78,0.7196705166084699,0.7733971425884596,0.18201152980327606,0.5370498408966008
F4×H4,79,0.7211030530933835,0.7731367077768279,0.18206878006458282,0.537283705076534
F4×H4,80,0.7185961142447846,0.7729396675942736,0.18204732239246368,0.5372683222306637
F4×H4,81,0.7185065807144776,0.7727734285353722,0.18223713338375092,0.5376348250468811
F4×H4,82,0.7175217118810995,0.7725294731949828,0.1822713315486908,0.5377577277445276
F4×H4,83,0.7184170471841704,0.7727414788952441,0.18229417502880096,0.5376425637257233
F4×H4,84,0.7180589130629421,0.772926529261868,0.1821828931570053,0.5374334258787138
F4×H4,85,0.7181484465932492,0.7728821199581606,0.1822083741426468,0.5374975344220583
F4×H4,86,0.7184170471841704,0.7730487418558871,0.18214693665504456,0.5374046614421504
F4×H4,87,0.7190437818963201,0.7729782647085459,0.18218094110488892,0.5376086876013352
F4×H4,88,0.7176112454114065,0.7726975394391857,0.182308167219162,0.5377191447359
F4×H4,89,0.7184170471841704,0.7727951111342826,0.18224169313907623,0.5375827443360036
F4×H4,90,0.717969379532635,0.7728844865981701,0.1823120266199112,0.5376890358189493
F4×H4,91,0.7187751813053989,0.7731506465904131,0.18209214508533478,0.5372394823629242
F4×H4,92,0.718864714835706,0.7729256939771588,0.18209688365459442,0.5373278127595027
F4×H4,93,0.7172531112901782,0.7726289764859697,0.18227624893188477,0.5376025065229222
F4×H4,94,0.7185065807144776,0.7727830343095282,0.18222366273403168,0.5377034665391712
F4×H4,95,0.7185961142447846,0.7728670674316297,0.18215401470661163,0.5375819144741146
F4×H4,96,0.718864714835706,0.77333118989996,0.1820850521326065,0.5372555934292775
F4×H4,97,0.7176112454114065,0.7726774926061643,0.18233948945999146,0.5377370624581927
F4×H4,98,0.7185065807144776,0.7730688234924381,0.18220867216587067,0.5373836926570656
F4×H4,99,0.7193123824872415,0.7729412163513386,0.182109534740448,0.5373685016290164
F1×H5,0,0.7189542483660131,0.7737614485340369,0.18180568516254425,0.5366431676474566
F1×H5,1,0.7180589130629421,0.7735009267135813,0.18198738992214203,0.5369573250719096
F1×H5,2,0.7184170471841704,0.7739239810170414,0.18189187347888947,0.5366666654749627
F1×H5,3,0.7189542483660131,0.7738375464514009,0.1818270981311798,0.5365984499466261
F1×H5,4,0.7185961142447846,0.7738611258426717,0.1818246692419052,0.5365346104252675
F1×H5,5,0.7181484465932492,0.7736524090759531,0.1818162053823471,0.5366103260902346
F1×H5,6,0.7194019160175485,0.7736688363419011,0.18191824853420258,0.5366851380440633
F1×H5,7,0.7185961142447846,0.7735799655291922,0.18197093904018402,0.5369605916941209
F1×H5,8,0.7192228489569343,0.7734392722609814,0.18190200626850128,0.536875823894651
F1×H5,9,0.7185961142447846,0.7738206145342742,0.18185275793075562,0.5366328095069117
F1×H5,10,0.7191333154266273,0.7739269567188178,0.1817924827337265,0.5365402533123739
F1×H5,11,0.717969379532635,0.7734749284770066,0.18190358579158783,0.5366864198830645
F1×H5,12,0.719849583669084,0.7735351037796008,0.1818891167640686,0.5366728186377433
F1×H5,13,0.7189542483660131,0.7738731678638965,0.18185153603553772,0.5365484395087172
F1×H5,14,0.7194914495478557,0.7737243131680059,0.1819317489862442,0.5366811859979578
F1×H5,15,0.7177007789417137,0.7738488575985049,0.18191920220851898,0.536719829906658
F1×H5,16,0.7182379801235562,0.7735166231054089,0.18196040391921997,0.5369145032376426
F1×H5,17,0.7181484465932492,0.7733291886970108,0.18204724788665771,0.5370551708450615
F1×H5,18,0.7189542483660131,0.773609374511663,0.18188124895095825,0.5366712051614503
F1×H5,19,0.7182379801235562,0.7737385304098277,0.18186436593532562,0.5366697972351079
F1×H5,20,0.7189542483660131,0.7737227992144703,0.18194571137428284,0.5367206296880515
F1×H5,21,0.7185065807144776,0.7738926404386804,0.18189261853694916,0.5366773504112868
F1×H5,22,0.7190437818963201,0.7737478229522178,0.1818954050540924,0.5367414656466154
F1×H5,23,0.718864714835706,0.7739225192688001,0.1818004548549652,0.5366167993664704
F1×H5,24,0.7194914495478557,0.7734502875780843,0.1818992793560028,0.5368317375702668
F1×H5,25,0.7192228489569343,0.7735799133238979,0.18188977241516113,0.5367929715659828
F1×H5,26,0.7192228489569343,0.7738019424406699,0.18189449608325958,0.5366461320460953
F1×H5,27,0.7189542483660131,0.7736508951224175,0.18186096847057343,0.5366401244007231
F1×H5,28,0.7190437818963201,0.7734193472403132,0.1819702386856079,0.5368998239453199
F1×H5,29,0.7185065807144776,0.7739267478976406,0.1818101853132248,0.5366091679871069
F1×H5,30,0.7186856477750918,0.773883295690996,0.18182815611362457,0.5365868908231743
F1×H5,31,0.7189542483660131,0.7738332134119718,0.18180802464485168,0.5366017104802151
F1×H5,32,0.7195809830781628,0.7737773363452771,0.18185362219810486,0.5365831824090842
F1×H5,33,0.7180589130629421,0.7738941369904511,0.18182723224163055,0.5365424360614456
F1×H5,34,0.718864714835706,0.7737312564721515,0.18184112012386322,0.5366642184619358
F1×H5,35,0.7184170471841704,0.77372669720978,0.18179786205291748,0.5367521514004834
F1×H5,36,0.7194019160175485,0.7739527635359802,0.18179605901241302,0.5364872829960468
F1×H5,37,0.7183275136538634,0.773605894158708,0.18186944723129272,0.536664047960129
F1×H5,38,0.7181484465932492,0.7736378263970711,0.1819811463356018,0.5368549663591864
F1×H5,39,0.7195809830781628,0.7737691575158326,0.18185490369796753,0.5364945577237177
F1×H5,40,0.7190437818963201,0.7739601592860098,0.1817834973335266,0.5365077120141626
F1×H5,41,0.7178798460023279,0.773340813075881,0.1820252239704132,0.5370590686267593
F1×H5,42,0.7196705166084699,0.7736849155725539,0.18191863596439362,0.5368008203764422
F1×H5,43,0.7182379801235562,0.7734485822051363,0.18200798332691193,0.537062075511539
F1×H5,44,0.7177903124720207,0.7737454041069138,0.1818467378616333,0.5366027214542849
F1×H5,45,0.7196705166084699,0.7737494413163419,0.18185460567474365,0.5366144329921133
F1×H5,46,0.7187751813053989,0.773618754062877,0.18183322250843048,0.5365938181627812
F1×H5,47,0.7184170471841704,0.7736130114805011,0.18187063932418823,0.5367347583634821
F1×H5,48,0.7194019160175485,0.7737903354635646,0.18182878196239471,0.5365041125702117
F1×H5,49,0.7187751813053989,0.7735058514130129,0.1818866729736328,0.5368239986813156
F1×H5,50,0.7193123824872415,0.7737577767616693,0.18178308010101318,0.5364941151189717
F1×H5,51,0.7184170471841704,0.7736619104395206,0.18189647793769836,0.5367286218552577
F1×H5,52,0.7185961142447846,0.7740082055585553,0.18174374103546143,0.536415553869246
F1×H5,53,0.719849583669084,0.7735297788395793,0.18194355070590973,0.5369240079480929
F1×H5,54,0.7192228489569343,0.773829315416662,0.18178445100784302,0.5365000645721872
F1×H5,55,0.7185961142447846,0.7735504869396623,0.18196973204612732,0.5369143999725057
F1×H5,56,0.7189542483660131,0.7735775466838883,0.18189024925231934,0.5367623208889352
F1×H5,57,0.7207449189721551,0.7739510929665617,0.18181130290031433,0.5363919465151337
F1×H5,58,0.718864714835706,0.7737116794867788,0.18182049691677094,0.5367591724086005
F1×H5,59,0.7185961142447846,0.7733462598282557,0.1819947361946106,0.5368745956350829
F1×H5,60,0.7181484465932492,0.7739906297761318,0.18188518285751343,0.536553735836266
F1×H5,61,0.7190437818963201,0.7739183428452541,0.18186789751052856,0.5366674584008326
F1×H5,62,0.7187751813053989,0.7738444201484871,0.18184800446033478,0.536600411106384
F1×H5,63,0.7181484465932492,0.7735160662489362,0.1819078028202057,0.5368237153643728
F1×H5,64,0.7191333154266273,0.7740610373164141,0.18174861371517181,0.5363427328037691
F1×H5,65,0.717969379532635,0.7738314732354941,0.18186606466770172,0.5365612980730828
F1×H5,66,0.7183275136538634,0.7740244762086204,0.18183358013629913,0.5365527043164443
F1×H5,67,0.718864714835706,0.7734358615150854,0.1819756180047989,0.5369397003575823
F1×H5,68,0.7187751813053989,0.7737950339400539,0.18185968697071075,0.5366670581675834
F1×H5,69,0.7174321783507924,0.7735170755512931,0.18189582228660583,0.5367664675235361
F1×H5,70,0.7207449189721551,0.7735182936748274,0.18186922371387482,0.5367594127419084
F1×H5,71,0.7187751813053989,0.7734665756299144,0.18192489445209503,0.5368023351399086
F1×H5,72,0.7182379801235562,0.7733124656010616,0.18204739689826965,0.537046393991192
F1×H5,73,0.7178798460023279,0.7737009425979122,0.18197867274284363,0.5368153843839607
F1×H5,74,0.7181484465932492,0.7735617806850016,0.18194136023521423,0.5368427936682671
F1×H5,75,0.717969379532635,0.7734488954369022,0.18192914128303528,0.5368170344075308
F1×H5,76,0.7185065807144776,0.7737326486133334,0.18185833096504211,0.5366603625499787
F1×H5,77,0.7189542483660131,0.773492730482372,0.18192118406295776,0.536834375588413
F1×H5,78,0.718864714835706,0.773900662652242,0.18177005648612976,0.5364483854312325
F1×H5,79,0.7190437818963201,0.7737679393922984,0.18189245462417603,0.5366902131284628
F1×H5,80,0.7183275136538634,0.7737323701850971,0.18191246688365936,0.5367493305243786
F1×H5,81,0.7172531112901782,0.7731076816331821,0.18204306066036224,0.5371408417177684
F1×H5,82,0.7185961142447846,0.7735479114784755,0.18198060989379883,0.5368739409607126
F1×H5,83,0.7181484465932492,0.7739294625729456,0.18182925879955292,0.5364783225377495
F1×H5,84,0.7173426448204853,0.7736363994523595,0.1818939596414566,0.5367286577559017
F1×H5,85,0.7196705166084699,0.7737842100423635,0.18184849619865417,0.5366223167212111
F1×H5,86,0.7192228489569343,0.7736736392289794,0.1819475293159485,0.5367881178459093
F1×H5,87,0.7187751813053989,0.7736126460434408,0.18186382949352264,0.5367260083603773
F1×H5,88,0.7190437818963201,0.7738245647348782,0.18181931972503662,0.536549879729101
F1×H5,89,0.7193123824872415,0.7737590296887333,0.18181923031806946,0.5366405278352872
F1×H5,90,0.7183275136538634,0.7734906944758932,0.18191185593605042,0.5367707785767083
F1×H5,91,0.718864714835706,0.7737308388297968,0.1818842589855194,0.5368026969925053
F1×H5,92,0.7180589130629421,0.7736900664949274,0.18193282186985016,0.5368134169530338
F1×H5,93,0.7176112454114065,0.7735505217431918,0.18190155923366547,0.5368793397594083
F1×H5,94,0.7177903124720207,0.7736704373042607,0.18188519775867462,0.5367482411579478
F1×H5,95,0.7185065807144776,0.7734679329675668,0.18193340301513672,0.5367730576450116
F1×H5,96,0.7186856477750918,0.7739714182278195,0.18178924918174744,0.5364424076662464
F1×H5,97,0.7185065807144776,0.7736699674566118,0.18186312913894653,0.5366369295155118
F1×H5,98,0.7185961142447846,0.773735084860402,0.18184401094913483,0.5365685325251307
F1×H5,99,0.7182379801235562,0.7738987832616462,0.18176500499248505,0.5364689251151202
F8×H4,0,0.7157310412749575,0.7719409281085068,0.1825803965330124,0.538493513260118
F8×H4,1,0.7174321783507924,0.7724357820934309,0.18235403299331665,0.537987466980117
F8×H4,2,0.7155519742143432,0.7721157636392075,0.18261325359344482,0.5384935277474404
F8×H4,3,0.7165368430477214,0.7721942107948159,0.18238459527492523,0.5381260754325811
F8×H4,4,0.715283373623422,0.7718099450250409,0.182700514793396,0.5387160355605287
F8×H4,5,0.7150147730325007,0.7717849038855287,0.18261520564556122,0.5385466594254638
F8×H4,6,0.7150147730325007,0.7718242666774512,0.18263380229473114,0.5385338009871089
F8×H4,7,0.7164473095174143,0.7720700143996124,0.18251830339431763,0.5383200198758412
F8×H4,8,0.7166263765780285,0.771649326736162,0.18256846070289612,0.538456450171755
F8×H4,9,0.7154624406840362,0.7718612280258346,0.1826350837945938,0.538575040180813
F8×H4,10,0.7155519742143432,0.7717674847189884,0.18260042369365692,0.5384993272147872
F8×H4,11,0.7158205748052646,0.771861663069954,0.18257485330104828,0.5384702719113936
F8×H4,12,0.7159101083355717,0.7722010670901376,0.18247361481189728,0.5382783313434681
F8×H4,13,0.7154624406840362,0.7717522233712801,0.18259462714195251,0.5385591701165687
F8×H4,14,0.7160891753961859,0.771984728350447,0.1825525015592575,0.5384191928697354
F8×H4,15,0.7160891753961859,0.7720779322025852,0.1825159639120102,0.5383057887932131
F8×H4,16,0.7160891753961859,0.7718971104648018,0.18258878588676453,0.538564100131753
F8×H4,17,0.7154624406840362,0.7723093582723362,0.1824888288974762,0.5382117636766361
F8×H4,18,0.7155519742143432,0.7715335179915801,0.1826549619436264,0.538676082804705
F8×H4,19,0.7164473095174143,0.772315727318244,0.18240801990032196,0.5381096521008988
F8×H4,20,0.7155519742143432,0.7714986796584994,0.1827169954776764,0.5388513764343513
F8×H4,21,0.7163577759871071,0.7721885378194989,0.1824100911617279,0.5383337901334655
F8×H4,22,0.7167159101083356,0.771622493214878,0.18269535899162292,0.5387548927602437
F8×H4,23,0.717074044229564,0.7720984836867852,0.18250522017478943,0.5382992183077646
F8×H4,24,0.7169845106992568,0.772096726108543,0.18253636360168457,0.5384215891477445
F8×H4,25,0.7168949771689498,0.7722248030972914,0.1825381964445114,0.5383093712661483
F8×H4,26,0.717163577759871,0.7723922950832567,0.18249791860580444,0.5382072442270239
F8×H4,27,0.7163577759871071,0.7718757062941277,0.1826043576002121,0.5385524805060641
F8×H4,28,0.715372907153729,0.7720222987605976,0.18250182271003723,0.5383370103806688
F8×H4,29,0.7173426448204853,0.7721124921074296,0.18246278166770935,0.5382496666839303
F8×H4,30,0.7166263765780285,0.772038708624781,0.18254250288009644,0.5384401071107797
F8×H4,31,0.7174321783507924,0.77231680622766,0.18237818777561188,0.5380344184724686
F8×H4,32,0.7165368430477214,0.771577422644109,0.18269705772399902,0.5387496092235726
F8×H4,33,0.7158205748052646,0.7719453481567599,0.18258003890514374,0.5384241450789047
F8×H4,34,0.717074044229564,0.7718619240964255,0.18251068890094757,0.538402050765421
F8×H4,35,0.7160891753961859,0.7718411289875187,0.18259862065315247,0.5384585439059151
F8×H4,36,0.7166263765780285,0.7721953419095263,0.18246909976005554,0.5382886860945529
F8×H4,37,0.7142985047900439,0.7714444557594586,0.18272332847118378,0.5387732327287198
F8×H4,38,0.7166263765780285,0.772007681278186,0.18250729143619537,0.5381832212749411
F8×H4,39,0.7159996418658787,0.7717459761377257,0.18260681629180908,0.5385378936661296
F8×H4,40,0.7161787089264929,0.7720078900993634,0.1824912130832672,0.5382833117694441
F8×H4,41,0.7157310412749575,0.7715820689153041,0.1827143430709839,0.5387502492397528
F8×H4,42,0.7172531112901782,0.7720418757459702,0.18249517679214478,0.5384170355657565
F8×H4,43,0.7167159101083356,0.7722465030979666,0.18247230350971222,0.5381609126210865
F8×H4,44,0.7159996418658787,0.7717947184808621,0.18271008133888245,0.538695696848573
F8×H4,45,0.7168949771689498,0.7721771222618061,0.18251217901706696,0.5383881667034114
F8×H4,46,0.7160891753961859,0.7718931428624329,0.18256743252277374,0.5384892739785948
F8×H4,47,0.7167159101083356,0.7715742903264495,0.18270952999591827,0.5389081674073357
F8×H4,48,0.7172531112901782,0.7723450666936557,0.18237122893333435,0.5380238714161241
F8×H4,49,0.7174321783507924,0.7720004595458042,0.18247810006141663,0.5382627506888484
F8×H4,50,0.7161787089264929,0.7723480946007266,0.1823955923318863,0.5381726914207992
F8×H4,51,0.7148357059718865,0.7717869398920074,0.1826467365026474,0.5385211563536874
F8×H4,52,0.715283373623422,0.7723471027001343,0.18240997195243835,0.5380523437688324
F8×H4,53,0.7162682424568001,0.7720944986826516,0.18249601125717163,0.5382843385801068
F8×H4,54,0.7168054436386426,0.7721843787977176,0.1824541985988617,0.5382559100233895
F8×H4,55,0.7175217118810995,0.7724841241959777,0.18230284750461578,0.5378021588167462
F8×H4,56,0.717163577759871,0.772175347281799,0.18251650035381317,0.5382155377209643
F8×H4,57,0.7155519742143432,0.7718817273047401,0.18255898356437683,0.5385207757345108
F8×H4,58,0.715283373623422,0.771962941340948,0.18259799480438232,0.5383405864327724
F8×H4,59,0.7158205748052646,0.7721675338894147,0.18243712186813354,0.5381163204404648
F8×H4,60,0.7172531112901782,0.771959687210935,0.1825982630252838,0.5384233063773932
F8×H4,61,0.7169845106992568,0.7720206803964734,0.182521253824234,0.5382994110786696
F8×H4,62,0.7177007789417137,0.7721524291575896,0.1824173778295517,0.538331968333759
F8×H4,63,0.714388038320351,0.7718331415774866,0.18260708451271057,0.5384527341767193
F8×H4,64,0.7168054436386426,0.7720094388564285,0.18256151676177979,0.5384328603636418
F8×H4,65,0.7167159101083356,0.7720351760665315,0.18255165219306946,0.5384092203043486
F8×H4,66,0.7159101083355717,0.7721010417462073,0.18255440890789032,0.5383818136707488
F8×H4,67,0.7173426448204853,0.7721616868964503,0.18236605823040009,0.5381364938889613
F8×H4,68,0.7167159101083356,0.7718248061321591,0.18261007964611053,0.5385392399913121
F8×H4,69,0.7160891753961859,0.771839249596923,0.18265984952449799,0.5386526892594297
F8×H4,70,0.7161787089264929,0.7719219253813718,0.18252290785312653,0.5385096885507134
F8×H4,71,0.7164473095174143,0.7717137480693612,0.1826244592666626,0.538605512784187
F8×H4,72,0.7167159101083356,0.7715626137422851,0.1826811283826828,0.5387243355651161
F8×H4,73,0.7164473095174143,0.7717665276219257,0.18256625533103943,0.538409548088286
F8×H4,74,0.7162682424568001,0.7722501574685694,0.18242791295051575,0.5381626922989653
F8×H4,75,0.7155519742143432,0.7717026109399048,0.1825878918170929,0.5385487478888304
F8×H4,76,0.7160891753961859,0.7718976151159804,0.1825229525566101,0.5383982355745806
F8×H4,77,0.715372907153729,0.7721169469592122,0.18255968391895294,0.5383184056837318
F8×H4,78,0.7172531112901782,0.7724265243545703,0.1824205219745636,0.5381304005987212
F8×H4,79,0.7165368430477214,0.7720322525700493,0.1825130134820938,0.5383705902429778
F8×H4,80,0.7167159101083356,0.7723577351784123,0.1823466420173645,0.537955838336187
F8×H4,81,0.7154624406840362,0.7718644995576124,0.1824927031993866,0.538385614234927
F8×H4,82,0.7157310412749575,0.7719976404599106,0.18255165219306946,0.5383988700754568
F8×H4,83,0.7169845106992568,0.7718360476722043,0.1825234442949295,0.5385048873363257
F8×H4,84,0.7169845106992568,0.7720721722184446,0.18240495026111603,0.5382504465825763
F8×H4,85,0.7151938400931148,0.7716684338738855,0.1826791614294052,0.5387652801175198
F8×H4,86,0.7161787089264929,0.7719228998801992,0.18254055082798004,0.5383216061486898
F8×H4,87,0.7166263765780285,0.7720284937888577,0.1824713796377182,0.5382181653434936
F8×H4,88,0.717163577759871,0.7720373512871286,0.1825256645679474,0.538287181703465
F8×H4,89,0.715372907153729,0.7720368814394797,0.18247930705547333,0.5383445919527118
F8×H4,90,0.7156415077446504,0.7720044097464083,0.1826050579547882,0.5384981241404497
F8×H4,91,0.7157310412749575,0.7719514387744313,0.18265186250209808,0.5385703376268627
F8×H4,92,0.7161787089264929,0.7722027028560263,0.18247108161449432,0.5381460736202853
F8×H4,93,0.715372907153729,0.7719083868083765,0.1825551688671112,0.5382610187255903
F8×H4,94,0.7149252395021936,0.7719209160790148,0.18256525695323944,0.5384389811949918
F8×H4,95,0.7159996418658787,0.772348686260729,0.18248595297336578,0.5382590684173427
F8×H4,96,0.7158205748052646,0.7720167475976342,0.18258364498615265,0.5384220552897494
F8×H4,97,0.7159996418658787,0.772304938224083,0.18258227407932281,0.5382683425104412
F8×H4,98,0.7172531112901782,0.7721807070253499,0.18253885209560394,0.5383863225093303
F8×H4,99,0.7168949771689498,0.7720051232187641,0.1825665980577469,0.5384275843247429
